2026.09.17 10:17:51 INFO  Started: Metals version 1.6.9 in folders 'C:\Users\AlumnoM_AI\Desktop\torneo-twenty-one' for client Visual Studio Code 1.135.0.
2026.09.17 10:17:51 INFO  Memory monitor started
2026.09.17 10:17:51 WARN  Using H2 2.5.250 which is newer than the version Flyway has been verified with. The latest verified version of H2 is 2.3.232.
2026.09.17 10:17:52 INFO  no build target found for C:\Users\AlumnoM_AI\Desktop\torneo-twenty-one\src\main\scala\Main.scala. Using presentation compiler with project's scala-library version: 3.3.8
2026.09.17 10:17:53 WARN  Could not find semantic tokens for: file:///C:/Users/AlumnoM_AI/Desktop/torneo-twenty-one/src/main/scala/Main.scala
2026.09.17 10:17:54 INFO  running 'C:\Program Files\Java\jdk-24\bin\java.exe -Djline.terminal=jline.UnsupportedTerminal -Dsbt.log.noformat=true -Dfile.encoding=UTF-8 -Dsbt.version=1.13.0 -jar C:\Users\ALUMNO~1\AppData\Local\Temp\metals6468639457476424450\sbt-launch.jar -Dbloop.export-jar-classifiers=sources -Dbloop.export-meta-build=true bloopInstall'
2026.09.17 10:17:55 INFO  no build target found for C:\Users\AlumnoM_AI\Desktop\torneo-twenty-one\project\project\metals.sbt. Using presentation compiler with project's scala-library version: 3.3.8
2026.09.17 10:17:55 WARN  no build target for: C:\Users\AlumnoM_AI\Desktop\torneo-twenty-one\project\metals.sbt
2026.09.17 10:17:54 WARN  no build target for: C:\Users\AlumnoM_AI\Desktop\torneo-twenty-one\project\project\metals.sbt
2026.09.17 10:17:54 INFO  no build target found for C:\Users\AlumnoM_AI\Desktop\torneo-twenty-one\src\main\scala\Main.scala. Using presentation compiler with project's scala-library version: 3.3.8
2026.09.17 10:17:54 WARN  Could not find semantic tokens for: file:///C:/Users/AlumnoM_AI/Desktop/torneo-twenty-one/src/main/scala/Main.scala
2026.09.17 10:17:55 INFO  no build target found for C:\Users\AlumnoM_AI\Desktop\torneo-twenty-one\project\metals.sbt. Using presentation compiler with project's scala-library version: 3.3.8
2026.09.17 10:17:55 ERROR WARNING: A terminally deprecated method in sun.misc.Unsafe has been called
2026.09.17 10:17:55 ERROR WARNING: sun.misc.Unsafe::arrayBaseOffset has been called by net.openhft.hashing.UnsafeAccess (file:/C:/Users/AlumnoM_AI/.sbt/boot/scala-2.12.21/org.scala-sbt/sbt/1.13.0/zero-allocation-hashing-0.16.jar)
2026.09.17 10:17:55 ERROR WARNING: Please consider reporting this to the maintainers of class net.openhft.hashing.UnsafeAccess
2026.09.17 10:17:55 ERROR WARNING: sun.misc.Unsafe::arrayBaseOffset will be removed in a future release
2026.09.17 10:17:55 ERROR WARNING: A restricted method in java.lang.System has been called
2026.09.17 10:17:55 ERROR WARNING: java.lang.System::load has been called by com.sun.jna.Native in an unnamed module (file:/C:/Users/AlumnoM_AI/.sbt/boot/scala-2.12.21/org.scala-sbt/sbt/1.13.0/jna-5.19.0.jar)
2026.09.17 10:17:55 ERROR WARNING: Use --enable-native-access=ALL-UNNAMED to avoid a warning for callers in this module
2026.09.17 10:17:55 ERROR WARNING: Restricted methods will be blocked in a future release unless native access is enabled
2026.09.17 10:17:55 ERROR 
2026.09.17 10:17:56 INFO  [info] Updated file C:\Users\AlumnoM_AI\Desktop\torneo-twenty-one\project\build.properties: set sbt.version to 1.13.0
2026.09.17 10:17:56 INFO  [info] welcome to sbt 1.13.0 (Oracle Corporation Java 24.0.2)
2026.09.17 10:17:57 INFO  no build target found for C:\Users\AlumnoM_AI\Desktop\torneo-twenty-one\src\main\scala\Main.scala. Using presentation compiler with project's scala-library version: 3.3.8
2026.09.17 10:17:57 WARN  Could not find semantic tokens for: file:///C:/Users/AlumnoM_AI/Desktop/torneo-twenty-one/src/main/scala/Main.scala
2026.09.17 10:17:58 INFO  [info] loading settings for project torneo-twenty-one-build-build from metals.sbt...
2026.09.17 10:17:58 INFO  [info] loading project definition from C:\Users\AlumnoM_AI\Desktop\torneo-twenty-one\project\project
2026.09.17 10:18:01 INFO  [info] loading settings for project torneo-twenty-one-build from metals.sbt...
2026.09.17 10:18:01 INFO  [info] loading project definition from C:\Users\AlumnoM_AI\Desktop\torneo-twenty-one\project
2026.09.17 10:18:03 INFO  [success] Generated .bloop\torneo-twenty-one-build.json
2026.09.17 10:18:03 INFO  [success] Total time: 2 s, completed 17 sept 2026, 10:18:03
2026.09.17 10:18:03 INFO  [info] loading settings for project torneo-twenty-one from build.sbt...
2026.09.17 10:18:03 INFO  [info] set current project to torneo-twenty-one (in build file:/C:/Users/AlumnoM_AI/Desktop/torneo-twenty-one/)
2026.09.17 10:18:04 INFO  [success] Generated .bloop\torneo-twenty-one-test.json
2026.09.17 10:18:04 INFO  [success] Generated .bloop\torneo-twenty-one.json
2026.09.17 10:18:04 INFO  [success] Total time: 0 s, completed 17 sept 2026, 10:18:04
2026.09.17 10:18:04 INFO  time: ran 'sbt bloopInstall' in 10s
2026.09.17 10:18:04 INFO  Attempting to connect to the build server...
2026.09.17 10:18:04 INFO  Found a Bloop server running
2026.09.17 10:18:05 INFO  Tracing is disabled for protocol BSP. To enable tracing of incoming and outgoing JSON messages, create an empty file at C:\Users\AlumnoM_AI\Desktop\torneo-twenty-one\.metals\bsp.trace.json or C:\Users\AlumnoM_AI\AppData\Local\scalameta\metals\cache\bsp.trace.json
2026.09.17 10:18:05 INFO  Attempting to connect to the build server...
2026.09.17 10:18:05 INFO  Found a Bloop server running
2026.09.17 10:18:04 INFO  Tracing is disabled for protocol BSP. To enable tracing of incoming and outgoing JSON messages, create an empty file at C:\Users\AlumnoM_AI\Desktop\torneo-twenty-one\project\.metals\bsp.trace.json or C:\Users\AlumnoM_AI\AppData\Local\scalameta\metals\cache\bsp.trace.json
2026.09.17 10:18:05 INFO  time: Connected to build server in 0.34s
2026.09.17 10:18:04 INFO  Connected to Build server: Bloop v2.1.2
2026.09.17 10:18:11 WARN  Using H2 2.5.250 which is newer than the version Flyway has been verified with. The latest verified version of H2 is 2.3.232.
2026.09.17 10:18:16 INFO  time: indexed workspace in 11s
2026.09.17 10:18:17 INFO  compiling torneo-twenty-one (1 scala source)
2026.09.17 10:18:18 INFO  time: compiled torneo-twenty-one in 1.07s
sept 17, 2026 10:19:20 A. M. org.eclipse.lsp4j.jsonrpc.RemoteEndpoint handleCancellation
WARNING: Unmatched cancel notification for request id 131
sept 17, 2026 10:22:32 A. M. org.eclipse.lsp4j.jsonrpc.RemoteEndpoint handleCancellation
WARNING: Unmatched cancel notification for request id 693
sept 17, 2026 10:23:01 A. M. org.eclipse.lsp4j.jsonrpc.RemoteEndpoint handleCancellation
WARNING: Unmatched cancel notification for request id 828
sept 17, 2026 10:23:02 A. M. org.eclipse.lsp4j.jsonrpc.RemoteEndpoint handleCancellation
WARNING: Unmatched cancel notification for request id 838
sept 17, 2026 10:23:02 A. M. org.eclipse.lsp4j.jsonrpc.RemoteEndpoint handleCancellation
WARNING: Unmatched cancel notification for request id 839
2026.09.17 10:23:22 INFO  compiling torneo-twenty-one (1 scala source)
2026.09.17 10:23:22 INFO  time: compiled torneo-twenty-one in 0.38s
sept 17, 2026 10:23:25 A. M. org.eclipse.lsp4j.jsonrpc.RemoteEndpoint handleCancellation
WARNING: Unmatched cancel notification for request id 972
sept 17, 2026 10:27:26 A. M. org.eclipse.lsp4j.jsonrpc.RemoteEndpoint handleCancellation
WARNING: Unmatched cancel notification for request id 1668
sept 17, 2026 10:30:47 A. M. org.eclipse.lsp4j.jsonrpc.RemoteEndpoint handleCancellation
WARNING: Unmatched cancel notification for request id 2636
sept 17, 2026 10:31:07 A. M. org.eclipse.lsp4j.jsonrpc.RemoteEndpoint handleCancellation
WARNING: Unmatched cancel notification for request id 2798
2026.09.17 10:32:42 INFO  compiling torneo-twenty-one (1 scala source)
2026.09.17 10:32:42 INFO  time: compiled torneo-twenty-one in 0.21s
2026.09.17 10:38:32 INFO  compiling torneo-twenty-one (1 scala source)
2026.09.17 10:38:33 INFO  time: compiled torneo-twenty-one in 1.57s
2026.09.17 10:38:56 INFO  compiling torneo-twenty-one (1 scala source)
2026.09.17 10:38:56 INFO  time: compiled torneo-twenty-one in 0.88s
sept 17, 2026 10:41:17 A. M. org.eclipse.lsp4j.jsonrpc.RemoteEndpoint handleCancellation
WARNING: Unmatched cancel notification for request id 4315
sept 17, 2026 10:42:58 A. M. org.eclipse.lsp4j.jsonrpc.RemoteEndpoint handleCancellation
WARNING: Unmatched cancel notification for request id 4850
2026.09.17 10:44:29 INFO  compiling torneo-twenty-one (1 scala source)
2026.09.17 10:44:29 INFO  time: compiled torneo-twenty-one in 0.63s
2026.09.17 10:44:52 INFO  compiling torneo-twenty-one (1 scala source)
2026.09.17 10:44:54 INFO  time: compiled torneo-twenty-one in 1.59s
sept 17, 2026 10:45:23 A. M. org.eclipse.lsp4j.jsonrpc.RemoteEndpoint handleCancellation
WARNING: Unmatched cancel notification for request id 5684
sept 17, 2026 10:45:31 A. M. org.eclipse.lsp4j.jsonrpc.RemoteEndpoint handleCancellation
WARNING: Unmatched cancel notification for request id 5734
2026.09.17 10:45:50 INFO  Created report: Optional[file:///C:/Users/AlumnoM_AI/Desktop/torneo-twenty-one/src/main/scala/Main.scala]
2026.09.17 10:45:50 INFO  empty definition using pc, found symbol in pc:  (full report at: "C:\Users\AlumnoM_AI\Desktop\torneo-twenty-one\.metals\.reports\metals-full\2026-09-17\r_empty-definition_(torneo-twenty-one)_10-45-50-191.md")
sept 17, 2026 10:46:27 A. M. org.eclipse.lsp4j.jsonrpc.RemoteEndpoint handleCancellation
WARNING: Unmatched cancel notification for request id 6054
sept 17, 2026 10:47:13 A. M. org.eclipse.lsp4j.jsonrpc.RemoteEndpoint handleCancellation
WARNING: Unmatched cancel notification for request id 6241
sept 17, 2026 10:47:24 A. M. org.eclipse.lsp4j.jsonrpc.RemoteEndpoint handleCancellation
WARNING: Unmatched cancel notification for request id 6334
sept 17, 2026 10:47:25 A. M. org.eclipse.lsp4j.jsonrpc.RemoteEndpoint handleCancellation
WARNING: Unmatched cancel notification for request id 6338
sept 17, 2026 10:47:32 A. M. org.eclipse.lsp4j.jsonrpc.RemoteEndpoint handleCancellation
WARNING: Unmatched cancel notification for request id 6404
2026.09.17 10:47:51 INFO  compiling torneo-twenty-one (1 scala source)
2026.09.17 10:47:51 INFO  time: compiled torneo-twenty-one in 0.26s
sept 17, 2026 10:47:54 A. M. scala.meta.internal.pc.CompilerAccess retryWithCleanCompiler
INFO: compiler crashed due to an error in the Scala compiler, retrying with new compiler instance.
2026.09.17 10:47:54 INFO  Created report: Optional[file:///C:/Users/AlumnoM_AI/Desktop/torneo-twenty-one/src/main/scala/Main.scala]
2026.09.17 10:47:54 INFO  scala.reflect.internal.FatalError: 
  ThisType(method bust) for sym which is not a class
     while compiling: file:///C:/Users/AlumnoM_AI/Desktop/torneo-twenty-one/src/main/scala/Main.scala
        during phase: globalPhase=<no phase>, enteringPhase=parser
     library version: version 2.12.21
    compiler version: version 2.12.21
  reconstructed args: -classpath C:\Users\AlumnoM_AI\Desktop\torneo-twenty-one\.bloop\torneo-twenty-one\bloop-bsp-clients-classes\classes-Metals-K5p93eXBTlydqd5s6zHB1w==;C:\Users\AlumnoM_AI\AppData\Local\bloop\cache\semanticdb\com.sourcegraph.semanticdb-javac.0.12.3\semanticdb-javac-0.12.3.jar;C:\Users\AlumnoM_AI\.sbt\boot\scala-2.12.21\lib\scala-library.jar -Xplugin-require:semanticdb -Yrangepos -Ymacro-expand:discard -Ycache-plugin-class-loader:last-modified -Ypresentation-any-thread

  last tree to typer: Literal(Constant(()))
       tree position: line 78 of file:///C:/Users/AlumnoM_AI/Desktop/torneo-twenty-one/src/main/scala/Main.scala
            tree tpe: Unit
              symbol: null
           call site: <none> in <none>

== Source file context for tree position ==

    75         println("Ambas rondas tuvieron la misma mejor puntuación.")
    76     }
    77     println("Foreach")
    78     _CURSOR_puntuacion.Foreach{puntos =>
    79         
    80     }
    81 } (full report at: "C:\Users\AlumnoM_AI\Desktop\torneo-twenty-one\.metals\.reports\metals-full\2026-09-17\r_compiler-error_(torneo-twenty-one)_10-47-54-520.md")
sept 17, 2026 10:47:55 A. M. scala.meta.internal.pc.CompilerAccess retryWithCleanCompiler
INFO: compiler crashed due to an error in the Scala compiler, retrying with new compiler instance.
2026.09.17 10:47:55 INFO  Created report: Optional[file:///C:/Users/AlumnoM_AI/Desktop/torneo-twenty-one/src/main/scala/Main.scala]
2026.09.17 10:47:55 INFO  scala.reflect.internal.FatalError: 
  ThisType(method bust) for sym which is not a class
     while compiling: file:///C:/Users/AlumnoM_AI/Desktop/torneo-twenty-one/src/main/scala/Main.scala
        during phase: globalPhase=<no phase>, enteringPhase=parser
     library version: version 2.12.21
    compiler version: version 2.12.21
  reconstructed args: -classpath C:\Users\AlumnoM_AI\Desktop\torneo-twenty-one\.bloop\torneo-twenty-one\bloop-bsp-clients-classes\classes-Metals-K5p93eXBTlydqd5s6zHB1w==;C:\Users\AlumnoM_AI\AppData\Local\bloop\cache\semanticdb\com.sourcegraph.semanticdb-javac.0.12.3\semanticdb-javac-0.12.3.jar;C:\Users\AlumnoM_AI\.sbt\boot\scala-2.12.21\lib\scala-library.jar -Xplugin-require:semanticdb -Yrangepos -Ymacro-expand:discard -Ycache-plugin-class-loader:last-modified -Ypresentation-any-thread

  last tree to typer: Ident(pri)
       tree position: line 79 of file:///C:/Users/AlumnoM_AI/Desktop/torneo-twenty-one/src/main/scala/Main.scala
            tree tpe: <error>
              symbol: value <error: <none>>
   symbol definition: val <error: <none>>: <error> (a TermSymbol)
      symbol package: <empty>
       symbol owners: value <error: <none>> -> value $anonfun -> value <local Main> -> object Main
           call site: <none> in <none>

== Source file context for tree position ==

    76     }
    77     println("Foreach")
    78     _CURSOR_puntuacion.Foreach{puntos =>
    79         pri
    80     }
    81 }
    82  (full report at: "C:\Users\AlumnoM_AI\Desktop\torneo-twenty-one\.metals\.reports\metals-full\2026-09-17\r_compiler-error_(torneo-twenty-one)_10-47-55-922.md")
sept 17, 2026 10:47:58 A. M. scala.meta.internal.pc.CompilerAccess retryWithCleanCompiler
INFO: compiler crashed due to an error in the Scala compiler, retrying with new compiler instance.
2026.09.17 10:47:58 INFO  Created report: Optional[file:///C:/Users/AlumnoM_AI/Desktop/torneo-twenty-one/src/main/scala/Main.scala]
2026.09.17 10:47:58 INFO  scala.reflect.internal.FatalError: 
  ThisType(method bust) for sym which is not a class
     while compiling: file:///C:/Users/AlumnoM_AI/Desktop/torneo-twenty-one/src/main/scala/Main.scala
        during phase: globalPhase=<no phase>, enteringPhase=parser
     library version: version 2.12.21
    compiler version: version 2.12.21
  reconstructed args: -classpath C:\Users\AlumnoM_AI\Desktop\torneo-twenty-one\.bloop\torneo-twenty-one\bloop-bsp-clients-classes\classes-Metals-K5p93eXBTlydqd5s6zHB1w==;C:\Users\AlumnoM_AI\AppData\Local\bloop\cache\semanticdb\com.sourcegraph.semanticdb-javac.0.12.3\semanticdb-javac-0.12.3.jar;C:\Users\AlumnoM_AI\.sbt\boot\scala-2.12.21\lib\scala-library.jar -Xplugin-require:semanticdb -Yrangepos -Ymacro-expand:discard -Ycache-plugin-class-loader:last-modified -Ypresentation-any-thread

  last tree to typer: Ident(println)
       tree position: line 79 of file:///C:/Users/AlumnoM_AI/Desktop/torneo-twenty-one/src/main/scala/Main.scala
              symbol: <none>
   symbol definition: <none> (a NoSymbol)
      symbol package: <none>
       symbol owners: 
           call site: <none> in <none>

== Source file context for tree position ==

    76     }
    77     println("Foreach")
    78     _CURSOR_puntuacion.Foreach{puntos =>
    79         println()
    80     }
    81 }
    82  (full report at: "C:\Users\AlumnoM_AI\Desktop\torneo-twenty-one\.metals\.reports\metals-full\2026-09-17\r_compiler-error_(torneo-twenty-one)_10-47-58-390.md")
sept 17, 2026 10:47:59 A. M. scala.meta.internal.pc.CompilerAccess retryWithCleanCompiler
INFO: compiler crashed due to an error in the Scala compiler, retrying with new compiler instance.
2026.09.17 10:47:59 INFO  Created report: Optional[file:///C:/Users/AlumnoM_AI/Desktop/torneo-twenty-one/src/main/scala/Main.scala]
2026.09.17 10:47:59 INFO  scala.reflect.internal.FatalError: 
  ThisType(method bust) for sym which is not a class
     while compiling: file:///C:/Users/AlumnoM_AI/Desktop/torneo-twenty-one/src/main/scala/Main.scala
        during phase: globalPhase=<no phase>, enteringPhase=parser
     library version: version 2.12.21
    compiler version: version 2.12.21
  reconstructed args: -classpath C:\Users\AlumnoM_AI\Desktop\torneo-twenty-one\.bloop\torneo-twenty-one\bloop-bsp-clients-classes\classes-Metals-K5p93eXBTlydqd5s6zHB1w==;C:\Users\AlumnoM_AI\AppData\Local\bloop\cache\semanticdb\com.sourcegraph.semanticdb-javac.0.12.3\semanticdb-javac-0.12.3.jar;C:\Users\AlumnoM_AI\.sbt\boot\scala-2.12.21\lib\scala-library.jar -Xplugin-require:semanticdb -Yrangepos -Ymacro-expand:discard -Ycache-plugin-class-loader:last-modified -Ypresentation-any-thread

  last tree to typer: Ident(println)
       tree position: line 79 of file:///C:/Users/AlumnoM_AI/Desktop/torneo-twenty-one/src/main/scala/Main.scala
              symbol: <none>
   symbol definition: <none> (a NoSymbol)
      symbol package: <none>
       symbol owners: 
           call site: <none> in <none>

== Source file context for tree position ==

    76     }
    77     println("Foreach")
    78     _CURSOR_puntuacion.Foreach{puntos =>
    79         println()
    80     }
    81 }
    82  (full report at: "C:\Users\AlumnoM_AI\Desktop\torneo-twenty-one\.metals\.reports\metals-full\2026-09-17\r_compiler-error_(torneo-twenty-one)_10-47-59-637.md")
sept 17, 2026 10:48:02 A. M. scala.meta.internal.pc.CompilerAccess retryWithCleanCompiler
INFO: compiler crashed due to an error in the Scala compiler, retrying with new compiler instance.
2026.09.17 10:48:02 INFO  Created report: Optional[file:///C:/Users/AlumnoM_AI/Desktop/torneo-twenty-one/src/main/scala/Main.scala]
2026.09.17 10:48:02 INFO  scala.reflect.internal.FatalError: 
  ThisType(method bust) for sym which is not a class
     while compiling: file:///C:/Users/AlumnoM_AI/Desktop/torneo-twenty-one/src/main/scala/Main.scala
        during phase: globalPhase=<no phase>, enteringPhase=parser
     library version: version 2.12.21
    compiler version: version 2.12.21
  reconstructed args: -classpath C:\Users\AlumnoM_AI\Desktop\torneo-twenty-one\.bloop\torneo-twenty-one\bloop-bsp-clients-classes\classes-Metals-K5p93eXBTlydqd5s6zHB1w==;C:\Users\AlumnoM_AI\AppData\Local\bloop\cache\semanticdb\com.sourcegraph.semanticdb-javac.0.12.3\semanticdb-javac-0.12.3.jar;C:\Users\AlumnoM_AI\.sbt\boot\scala-2.12.21\lib\scala-library.jar -Xplugin-require:semanticdb -Yrangepos -Ymacro-expand:discard -Ycache-plugin-class-loader:last-modified -Ypresentation-any-thread

  last tree to typer: Literal(Constant())
       tree position: line 79 of file:///C:/Users/AlumnoM_AI/Desktop/torneo-twenty-one/src/main/scala/Main.scala
            tree tpe: String("")
              symbol: null
           call site: <none> in <none>

== Source file context for tree position ==

    76     }
    77     println("Foreach")
    78     _CURSOR_puntuacion.Foreach{puntos =>
    79         println("")
    80     }
    81 }
    82  (full report at: "C:\Users\AlumnoM_AI\Desktop\torneo-twenty-one\.metals\.reports\metals-full\2026-09-17\r_compiler-error_(torneo-twenty-one)_10-48-02-598.md")
sept 17, 2026 10:48:03 A. M. scala.meta.internal.pc.CompilerAccess retryWithCleanCompiler
INFO: compiler crashed due to an error in the Scala compiler, retrying with new compiler instance.
2026.09.17 10:48:03 INFO  Created report: Optional[file:///C:/Users/AlumnoM_AI/Desktop/torneo-twenty-one/src/main/scala/Main.scala]
2026.09.17 10:48:03 INFO  scala.reflect.internal.FatalError: 
  ThisType(method bust) for sym which is not a class
     while compiling: file:///C:/Users/AlumnoM_AI/Desktop/torneo-twenty-one/src/main/scala/Main.scala
        during phase: globalPhase=<no phase>, enteringPhase=parser
     library version: version 2.12.21
    compiler version: version 2.12.21
  reconstructed args: -classpath C:\Users\AlumnoM_AI\Desktop\torneo-twenty-one\.bloop\torneo-twenty-one\bloop-bsp-clients-classes\classes-Metals-K5p93eXBTlydqd5s6zHB1w==;C:\Users\AlumnoM_AI\AppData\Local\bloop\cache\semanticdb\com.sourcegraph.semanticdb-javac.0.12.3\semanticdb-javac-0.12.3.jar;C:\Users\AlumnoM_AI\.sbt\boot\scala-2.12.21\lib\scala-library.jar -Xplugin-require:semanticdb -Yrangepos -Ymacro-expand:discard -Ycache-plugin-class-loader:last-modified -Ypresentation-any-thread

  last tree to typer: Literal(Constant())
       tree position: line 79 of file:///C:/Users/AlumnoM_AI/Desktop/torneo-twenty-one/src/main/scala/Main.scala
            tree tpe: String("")
              symbol: null
           call site: <none> in <none>

== Source file context for tree position ==

    76     }
    77     println("Foreach")
    78     _CURSOR_puntuacion.Foreach{puntos =>
    79         println("")
    80     }
    81 }
    82  (full report at: "C:\Users\AlumnoM_AI\Desktop\torneo-twenty-one\.metals\.reports\metals-full\2026-09-17\r_compiler-error_(torneo-twenty-one)_10-48-03-760.md")
sept 17, 2026 10:48:04 A. M. scala.meta.internal.pc.CompilerAccess retryWithCleanCompiler
INFO: compiler crashed due to an error in the Scala compiler, retrying with new compiler instance.
2026.09.17 10:48:03 INFO  Created report: Optional[file:///C:/Users/AlumnoM_AI/Desktop/torneo-twenty-one/src/main/scala/Main.scala]
2026.09.17 10:48:03 INFO  scala.reflect.internal.FatalError: 
  ThisType(method bust) for sym which is not a class
     while compiling: file:///C:/Users/AlumnoM_AI/Desktop/torneo-twenty-one/src/main/scala/Main.scala
        during phase: globalPhase=<no phase>, enteringPhase=parser
     library version: version 2.12.21
    compiler version: version 2.12.21
  reconstructed args: -classpath C:\Users\AlumnoM_AI\Desktop\torneo-twenty-one\.bloop\torneo-twenty-one\bloop-bsp-clients-classes\classes-Metals-K5p93eXBTlydqd5s6zHB1w==;C:\Users\AlumnoM_AI\AppData\Local\bloop\cache\semanticdb\com.sourcegraph.semanticdb-javac.0.12.3\semanticdb-javac-0.12.3.jar;C:\Users\AlumnoM_AI\.sbt\boot\scala-2.12.21\lib\scala-library.jar -Xplugin-require:semanticdb -Yrangepos -Ymacro-expand:discard -Ycache-plugin-class-loader:last-modified -Ypresentation-any-thread

  last tree to typer: Literal(Constant())
       tree position: line 79 of file:///C:/Users/AlumnoM_AI/Desktop/torneo-twenty-one/src/main/scala/Main.scala
            tree tpe: String("")
              symbol: null
           call site: <none> in <none>

== Source file context for tree position ==

    76     }
    77     println("Foreach")
    78     _CURSOR_puntuacion.Foreach{puntos =>
    79         println(s"")
    80     }
    81 }
    82  (full report at: "C:\Users\AlumnoM_AI\Desktop\torneo-twenty-one\.metals\.reports\metals-full\2026-09-17\r_compiler-error_(torneo-twenty-one)_10-48-04-189.md")
sept 17, 2026 10:48:04 A. M. scala.meta.internal.pc.CompilerAccess retryWithCleanCompiler
INFO: compiler crashed due to an error in the Scala compiler, retrying with new compiler instance.
2026.09.17 10:48:03 INFO  Created report: Optional[file:///C:/Users/AlumnoM_AI/Desktop/torneo-twenty-one/src/main/scala/Main.scala]
2026.09.17 10:48:03 INFO  scala.reflect.internal.FatalError: 
  ThisType(method bust) for sym which is not a class
     while compiling: file:///C:/Users/AlumnoM_AI/Desktop/torneo-twenty-one/src/main/scala/Main.scala
        during phase: globalPhase=<no phase>, enteringPhase=parser
     library version: version 2.12.21
    compiler version: version 2.12.21
  reconstructed args: -classpath C:\Users\AlumnoM_AI\Desktop\torneo-twenty-one\.bloop\torneo-twenty-one\bloop-bsp-clients-classes\classes-Metals-K5p93eXBTlydqd5s6zHB1w==;C:\Users\AlumnoM_AI\AppData\Local\bloop\cache\semanticdb\com.sourcegraph.semanticdb-javac.0.12.3\semanticdb-javac-0.12.3.jar;C:\Users\AlumnoM_AI\.sbt\boot\scala-2.12.21\lib\scala-library.jar -Xplugin-require:semanticdb -Yrangepos -Ymacro-expand:discard -Ycache-plugin-class-loader:last-modified -Ypresentation-any-thread

  last tree to typer: Literal(Constant())
       tree position: line 79 of file:///C:/Users/AlumnoM_AI/Desktop/torneo-twenty-one/src/main/scala/Main.scala
            tree tpe: String("")
              symbol: null
           call site: <none> in <none>

== Source file context for tree position ==

    76     }
    77     println("Foreach")
    78     _CURSOR_puntuacion.Foreach{puntos =>
    79         println(s"")
    80     }
    81 }
    82  (full report at: "C:\Users\AlumnoM_AI\Desktop\torneo-twenty-one\.metals\.reports\metals-full\2026-09-17\r_compiler-error_(torneo-twenty-one)_10-48-04-623.md")
sept 17, 2026 10:48:05 A. M. scala.meta.internal.pc.CompilerAccess retryWithCleanCompiler
INFO: compiler crashed due to an error in the Scala compiler, retrying with new compiler instance.
sept 17, 2026 10:48:06 A. M. scala.meta.internal.pc.CompilerAccess retryWithCleanCompiler
INFO: compiler crashed due to an error in the Scala compiler, retrying with new compiler instance.
2026.09.17 10:48:06 INFO  Created report: Optional[file:///C:/Users/AlumnoM_AI/Desktop/torneo-twenty-one/src/main/scala/Main.scala]
2026.09.17 10:48:06 INFO  scala.reflect.internal.FatalError: 
  ThisType(method bust) for sym which is not a class
     while compiling: file:///C:/Users/AlumnoM_AI/Desktop/torneo-twenty-one/src/main/scala/Main.scala
        during phase: globalPhase=<no phase>, enteringPhase=parser
     library version: version 2.12.21
    compiler version: version 2.12.21
  reconstructed args: -classpath C:\Users\AlumnoM_AI\Desktop\torneo-twenty-one\.bloop\torneo-twenty-one\bloop-bsp-clients-classes\classes-Metals-K5p93eXBTlydqd5s6zHB1w==;C:\Users\AlumnoM_AI\AppData\Local\bloop\cache\semanticdb\com.sourcegraph.semanticdb-javac.0.12.3\semanticdb-javac-0.12.3.jar;C:\Users\AlumnoM_AI\.sbt\boot\scala-2.12.21\lib\scala-library.jar -Xplugin-require:semanticdb -Yrangepos -Ymacro-expand:discard -Ycache-plugin-class-loader:last-modified -Ypresentation-any-thread

  last tree to typer: Literal(Constant(La ))
       tree position: line 79 of file:///C:/Users/AlumnoM_AI/Desktop/torneo-twenty-one/src/main/scala/Main.scala
            tree tpe: String("La ")
              symbol: null
           call site: <none> in <none>

== Source file context for tree position ==

    76     }
    77     println("Foreach")
    78     _CURSOR_puntuacion.Foreach{puntos =>
    79         println(s"La ")
    80     }
    81 }
    82  (full report at: "C:\Users\AlumnoM_AI\Desktop\torneo-twenty-one\.metals\.reports\metals-full\2026-09-17\r_compiler-error_(torneo-twenty-one)_10-48-06-526.md")
sept 17, 2026 10:48:06 A. M. scala.meta.internal.pc.CompilerAccess retryWithCleanCompiler
INFO: compiler crashed due to an error in the Scala compiler, retrying with new compiler instance.
sept 17, 2026 10:48:09 A. M. scala.meta.internal.pc.CompilerAccess retryWithCleanCompiler
INFO: compiler crashed due to an error in the Scala compiler, retrying with new compiler instance.
sept 17, 2026 10:48:10 A. M. scala.meta.internal.pc.CompilerAccess retryWithCleanCompiler
INFO: compiler crashed due to an error in the Scala compiler, retrying with new compiler instance.
2026.09.17 10:48:10 INFO  Created report: Optional[file:///C:/Users/AlumnoM_AI/Desktop/torneo-twenty-one/src/main/scala/Main.scala]
2026.09.17 10:48:10 INFO  scala.reflect.internal.FatalError: 
  ThisType(method bust) for sym which is not a class
     while compiling: file:///C:/Users/AlumnoM_AI/Desktop/torneo-twenty-one/src/main/scala/Main.scala
        during phase: globalPhase=<no phase>, enteringPhase=parser
     library version: version 2.12.21
    compiler version: version 2.12.21
  reconstructed args: -classpath C:\Users\AlumnoM_AI\Desktop\torneo-twenty-one\.bloop\torneo-twenty-one\bloop-bsp-clients-classes\classes-Metals-K5p93eXBTlydqd5s6zHB1w==;C:\Users\AlumnoM_AI\AppData\Local\bloop\cache\semanticdb\com.sourcegraph.semanticdb-javac.0.12.3\semanticdb-javac-0.12.3.jar;C:\Users\AlumnoM_AI\.sbt\boot\scala-2.12.21\lib\scala-library.jar -Xplugin-require:semanticdb -Yrangepos -Ymacro-expand:discard -Ycache-plugin-class-loader:last-modified -Ypresentation-any-thread

  last tree to typer: Literal(Constant(La puntuacion es de ))
       tree position: line 79 of file:///C:/Users/AlumnoM_AI/Desktop/torneo-twenty-one/src/main/scala/Main.scala
            tree tpe: String("La puntuacion es de ")
              symbol: null
           call site: <none> in <none>

== Source file context for tree position ==

    76     }
    77     println("Foreach")
    78     _CURSOR_puntuacion.Foreach{puntos =>
    79         println(s"La puntuacion es de ")
    80     }
    81 }
    82  (full report at: "C:\Users\AlumnoM_AI\Desktop\torneo-twenty-one\.metals\.reports\metals-full\2026-09-17\r_compiler-error_(torneo-twenty-one)_10-48-10-111.md")
sept 17, 2026 10:48:18 A. M. scala.meta.internal.pc.CompilerAccess retryWithCleanCompiler
INFO: compiler crashed due to an error in the Scala compiler, retrying with new compiler instance.
2026.09.17 10:48:18 INFO  Created report: Optional[file:///C:/Users/AlumnoM_AI/Desktop/torneo-twenty-one/src/main/scala/Main.scala]
2026.09.17 10:48:18 INFO  scala.reflect.internal.FatalError: 
  ThisType(method bust) for sym which is not a class
     while compiling: file:///C:/Users/AlumnoM_AI/Desktop/torneo-twenty-one/src/main/scala/Main.scala
        during phase: globalPhase=<no phase>, enteringPhase=parser
     library version: version 2.12.21
    compiler version: version 2.12.21
  reconstructed args: -classpath C:\Users\AlumnoM_AI\Desktop\torneo-twenty-one\.bloop\torneo-twenty-one\bloop-bsp-clients-classes\classes-Metals-K5p93eXBTlydqd5s6zHB1w==;C:\Users\AlumnoM_AI\AppData\Local\bloop\cache\semanticdb\com.sourcegraph.semanticdb-javac.0.12.3\semanticdb-javac-0.12.3.jar;C:\Users\AlumnoM_AI\.sbt\boot\scala-2.12.21\lib\scala-library.jar -Xplugin-require:semanticdb -Yrangepos -Ymacro-expand:discard -Ycache-plugin-class-loader:last-modified -Ypresentation-any-thread

  last tree to typer: Select(Ident(scala), StringContext)
       tree position: line 79 of file:///C:/Users/AlumnoM_AI/Desktop/torneo-twenty-one/src/main/scala/Main.scala
            tree tpe: StringContext.type
              symbol: object StringContext in package scala
   symbol definition: object StringContext (a ModuleSymbol)
      symbol package: scala
       symbol owners: object StringContext
           call site: <none> in <none>

== Source file context for tree position ==

    76     }
    77     println("Foreach")
    78     _CURSOR_puntuacion.Foreach{puntos =>
    79         println(s"La puntuacion es de $")
    80     }
    81 }
    82  (full report at: "C:\Users\AlumnoM_AI\Desktop\torneo-twenty-one\.metals\.reports\metals-full\2026-09-17\r_compiler-error_(torneo-twenty-one)_10-48-18-476.md")
sept 17, 2026 10:48:19 A. M. scala.meta.internal.pc.CompilerAccess retryWithCleanCompiler
INFO: compiler crashed due to an error in the Scala compiler, retrying with new compiler instance.
2026.09.17 10:48:19 INFO  Created report: Optional[file:///C:/Users/AlumnoM_AI/Desktop/torneo-twenty-one/src/main/scala/Main.scala]
2026.09.17 10:48:19 INFO  scala.reflect.internal.FatalError: 
  ThisType(method bust) for sym which is not a class
     while compiling: file:///C:/Users/AlumnoM_AI/Desktop/torneo-twenty-one/src/main/scala/Main.scala
        during phase: globalPhase=<no phase>, enteringPhase=parser
     library version: version 2.12.21
    compiler version: version 2.12.21
  reconstructed args: -classpath C:\Users\AlumnoM_AI\Desktop\torneo-twenty-one\.bloop\torneo-twenty-one\bloop-bsp-clients-classes\classes-Metals-K5p93eXBTlydqd5s6zHB1w==;C:\Users\AlumnoM_AI\AppData\Local\bloop\cache\semanticdb\com.sourcegraph.semanticdb-javac.0.12.3\semanticdb-javac-0.12.3.jar;C:\Users\AlumnoM_AI\.sbt\boot\scala-2.12.21\lib\scala-library.jar -Xplugin-require:semanticdb -Yrangepos -Ymacro-expand:discard -Ycache-plugin-class-loader:last-modified -Ypresentation-any-thread

  last tree to typer: Ident(puntos)
       tree position: line 79 of file:///C:/Users/AlumnoM_AI/Desktop/torneo-twenty-one/src/main/scala/Main.scala
            tree tpe: <error>
              symbol: value puntos
   symbol definition: puntos: <error> (a TermSymbol)
      symbol package: <empty>
       symbol owners: value puntos -> value $anonfun -> value <local Main> -> object Main
           call site: <none> in <none>

== Source file context for tree position ==

    76     }
    77     println("Foreach")
    78     _CURSOR_puntuacion.Foreach{puntos =>
    79         println(s"La puntuacion es de $puntos")
    80     }
    81 }
    82  (full report at: "C:\Users\AlumnoM_AI\Desktop\torneo-twenty-one\.metals\.reports\metals-full\2026-09-17\r_compiler-error_(torneo-twenty-one)_10-48-19-679.md")
2026.09.17 10:48:20 INFO  compiling torneo-twenty-one (1 scala source)
2026.09.17 10:48:20 INFO  time: compiled torneo-twenty-one in 0.2s
sept 17, 2026 10:48:20 A. M. scala.meta.internal.pc.CompilerAccess retryWithCleanCompiler
INFO: compiler crashed due to an error in the Scala compiler, retrying with new compiler instance.
2026.09.17 10:48:20 INFO  Created report: Optional[file:///C:/Users/AlumnoM_AI/Desktop/torneo-twenty-one/src/main/scala/Main.scala]
2026.09.17 10:48:20 INFO  scala.reflect.internal.FatalError: 
  ThisType(method bust) for sym which is not a class
     while compiling: file:///C:/Users/AlumnoM_AI/Desktop/torneo-twenty-one/src/main/scala/Main.scala
        during phase: globalPhase=<no phase>, enteringPhase=parser
     library version: version 2.12.21
    compiler version: version 2.12.21
  reconstructed args: -classpath C:\Users\AlumnoM_AI\Desktop\torneo-twenty-one\.bloop\torneo-twenty-one\bloop-bsp-clients-classes\classes-Metals-K5p93eXBTlydqd5s6zHB1w==;C:\Users\AlumnoM_AI\AppData\Local\bloop\cache\semanticdb\com.sourcegraph.semanticdb-javac.0.12.3\semanticdb-javac-0.12.3.jar;C:\Users\AlumnoM_AI\.sbt\boot\scala-2.12.21\lib\scala-library.jar -Xplugin-require:semanticdb -Yrangepos -Ymacro-expand:discard -Ycache-plugin-class-loader:last-modified -Ypresentation-any-thread

  last tree to typer: Ident(puntos)
       tree position: line 79 of file:///C:/Users/AlumnoM_AI/Desktop/torneo-twenty-one/src/main/scala/Main.scala
            tree tpe: <error>
              symbol: value puntos
   symbol definition: puntos: <error> (a TermSymbol)
      symbol package: <empty>
       symbol owners: value puntos -> value $anonfun -> value <local Main> -> object Main
           call site: <none> in <none>

== Source file context for tree position ==

    76     }
    77     println("Foreach")
    78     _CURSOR_puntuacion.Foreach{puntos =>
    79         println(s"La puntuacion es de $puntos")
    80     }
    81 }
    82  (full report at: "C:\Users\AlumnoM_AI\Desktop\torneo-twenty-one\.metals\.reports\metals-full\2026-09-17\r_compiler-error_(torneo-twenty-one)_10-48-20-988.md")
sept 17, 2026 10:48:27 A. M. scala.meta.internal.pc.CompilerAccess retryWithCleanCompiler
INFO: compiler crashed due to an error in the Scala compiler, retrying with new compiler instance.
2026.09.17 10:48:27 INFO  Created report: Optional[file:///C:/Users/AlumnoM_AI/Desktop/torneo-twenty-one/src/main/scala/Main.scala]
2026.09.17 10:48:27 INFO  scala.reflect.internal.FatalError: 
  ThisType(method bust) for sym which is not a class
     while compiling: file:///C:/Users/AlumnoM_AI/Desktop/torneo-twenty-one/src/main/scala/Main.scala
        during phase: globalPhase=<no phase>, enteringPhase=parser
     library version: version 2.12.21
    compiler version: version 2.12.21
  reconstructed args: -classpath C:\Users\AlumnoM_AI\Desktop\torneo-twenty-one\.bloop\torneo-twenty-one\bloop-bsp-clients-classes\classes-Metals-K5p93eXBTlydqd5s6zHB1w==;C:\Users\AlumnoM_AI\AppData\Local\bloop\cache\semanticdb\com.sourcegraph.semanticdb-javac.0.12.3\semanticdb-javac-0.12.3.jar;C:\Users\AlumnoM_AI\.sbt\boot\scala-2.12.21\lib\scala-library.jar -Xplugin-require:semanticdb -Yrangepos -Ymacro-expand:discard -Ycache-plugin-class-loader:last-modified -Ypresentation-any-thread

  last tree to typer: Ident(puntos)
       tree position: line 79 of file:///C:/Users/AlumnoM_AI/Desktop/torneo-twenty-one/src/main/scala/Main.scala
            tree tpe: <error>
              symbol: value puntos
   symbol definition: puntos: <error> (a TermSymbol)
      symbol package: <empty>
       symbol owners: value puntos -> value $anonfun -> value <local Main> -> object Main
           call site: <none> in <none>

== Source file context for tree position ==

    76     }
    77     println("Foreach")
    78     _CURSOR_puntuacion.Foreach{puntos =>
    79         println(s"La puntuacion es de $puntos")
    80     }
    81 }
    82  (full report at: "C:\Users\AlumnoM_AI\Desktop\torneo-twenty-one\.metals\.reports\metals-full\2026-09-17\r_compiler-error_(torneo-twenty-one)_10-48-27-460.md")
sept 17, 2026 10:48:27 A. M. scala.meta.internal.pc.CompilerAccess retryWithCleanCompiler
INFO: compiler crashed due to an error in the Scala compiler, retrying with new compiler instance.
2026.09.17 10:48:27 INFO  Created report: Optional[file:///C:/Users/AlumnoM_AI/Desktop/torneo-twenty-one/src/main/scala/Main.scala]
2026.09.17 10:48:27 INFO  scala.reflect.internal.FatalError: 
  ThisType(method bust) for sym which is not a class
     while compiling: file:///C:/Users/AlumnoM_AI/Desktop/torneo-twenty-one/src/main/scala/Main.scala
        during phase: globalPhase=<no phase>, enteringPhase=parser
     library version: version 2.12.21
    compiler version: version 2.12.21
  reconstructed args: -classpath C:\Users\AlumnoM_AI\Desktop\torneo-twenty-one\.bloop\torneo-twenty-one\bloop-bsp-clients-classes\classes-Metals-K5p93eXBTlydqd5s6zHB1w==;C:\Users\AlumnoM_AI\AppData\Local\bloop\cache\semanticdb\com.sourcegraph.semanticdb-javac.0.12.3\semanticdb-javac-0.12.3.jar;C:\Users\AlumnoM_AI\.sbt\boot\scala-2.12.21\lib\scala-library.jar -Xplugin-require:semanticdb -Yrangepos -Ymacro-expand:discard -Ycache-plugin-class-loader:last-modified -Ypresentation-any-thread

  last tree to typer: Ident(puntos)
       tree position: line 79 of file:///C:/Users/AlumnoM_AI/Desktop/torneo-twenty-one/src/main/scala/Main.scala
            tree tpe: <error>
              symbol: value puntos
   symbol definition: puntos: <error> (a TermSymbol)
      symbol package: <empty>
       symbol owners: value puntos -> value $anonfun -> value <local Main> -> object Main
           call site: <none> in <none>

== Source file context for tree position ==

    76     }
    77     println("Foreach")
    78     _CURSOR_puntuacion.Foreach{puntos =>
    79         println(s"La puntuacion es de $puntos")
    80     }
    81 }
    82  (full report at: "C:\Users\AlumnoM_AI\Desktop\torneo-twenty-one\.metals\.reports\metals-full\2026-09-17\r_compiler-error_(torneo-twenty-one)_10-48-27-609.md")
sept 17, 2026 10:48:28 A. M. scala.meta.internal.pc.CompilerAccess retryWithCleanCompiler
INFO: compiler crashed due to an error in the Scala compiler, retrying with new compiler instance.
2026.09.17 10:48:27 INFO  Created report: Optional[file:///C:/Users/AlumnoM_AI/Desktop/torneo-twenty-one/src/main/scala/Main.scala]
2026.09.17 10:48:27 INFO  scala.reflect.internal.FatalError: 
  ThisType(method bust) for sym which is not a class
     while compiling: file:///C:/Users/AlumnoM_AI/Desktop/torneo-twenty-one/src/main/scala/Main.scala
        during phase: globalPhase=<no phase>, enteringPhase=parser
     library version: version 2.12.21
    compiler version: version 2.12.21
  reconstructed args: -classpath C:\Users\AlumnoM_AI\Desktop\torneo-twenty-one\.bloop\torneo-twenty-one\bloop-bsp-clients-classes\classes-Metals-K5p93eXBTlydqd5s6zHB1w==;C:\Users\AlumnoM_AI\AppData\Local\bloop\cache\semanticdb\com.sourcegraph.semanticdb-javac.0.12.3\semanticdb-javac-0.12.3.jar;C:\Users\AlumnoM_AI\.sbt\boot\scala-2.12.21\lib\scala-library.jar -Xplugin-require:semanticdb -Yrangepos -Ymacro-expand:discard -Ycache-plugin-class-loader:last-modified -Ypresentation-any-thread

  last tree to typer: Ident(puntos)
       tree position: line 79 of file:///C:/Users/AlumnoM_AI/Desktop/torneo-twenty-one/src/main/scala/Main.scala
            tree tpe: <error>
              symbol: value puntos
   symbol definition: puntos: <error> (a TermSymbol)
      symbol package: <empty>
       symbol owners: value puntos -> value $anonfun -> value <local Main> -> object Main
           call site: <none> in <none>

== Source file context for tree position ==

    76     }
    77     println("Foreach")
    78     _CURSOR_puntuacion.Foreach{puntos =>
    79         println(s"La puntuacion es de $puntos")
    80     }
    81 }
    82  (full report at: "C:\Users\AlumnoM_AI\Desktop\torneo-twenty-one\.metals\.reports\metals-full\2026-09-17\r_compiler-error_(torneo-twenty-one)_10-48-28-305.md")
sept 17, 2026 10:48:28 A. M. org.eclipse.lsp4j.jsonrpc.RemoteEndpoint handleCancellation
WARNING: Unmatched cancel notification for request id 6634
sept 17, 2026 10:48:28 A. M. scala.meta.internal.pc.CompilerAccess retryWithCleanCompiler
INFO: compiler crashed due to an error in the Scala compiler, retrying with new compiler instance.
2026.09.17 10:48:28 INFO  Created report: Optional[file:///C:/Users/AlumnoM_AI/Desktop/torneo-twenty-one/src/main/scala/Main.scala]
2026.09.17 10:48:28 INFO  scala.reflect.internal.FatalError: 
  ThisType(method bust) for sym which is not a class
     while compiling: file:///C:/Users/AlumnoM_AI/Desktop/torneo-twenty-one/src/main/scala/Main.scala
        during phase: globalPhase=<no phase>, enteringPhase=parser
     library version: version 2.12.21
    compiler version: version 2.12.21
  reconstructed args: -classpath C:\Users\AlumnoM_AI\Desktop\torneo-twenty-one\.bloop\torneo-twenty-one\bloop-bsp-clients-classes\classes-Metals-K5p93eXBTlydqd5s6zHB1w==;C:\Users\AlumnoM_AI\AppData\Local\bloop\cache\semanticdb\com.sourcegraph.semanticdb-javac.0.12.3\semanticdb-javac-0.12.3.jar;C:\Users\AlumnoM_AI\.sbt\boot\scala-2.12.21\lib\scala-library.jar -Xplugin-require:semanticdb -Yrangepos -Ymacro-expand:discard -Ycache-plugin-class-loader:last-modified -Ypresentation-any-thread

  last tree to typer: Ident(puntos)
       tree position: line 79 of file:///C:/Users/AlumnoM_AI/Desktop/torneo-twenty-one/src/main/scala/Main.scala
            tree tpe: <error>
              symbol: value puntos
   symbol definition: puntos: <error> (a TermSymbol)
      symbol package: <empty>
       symbol owners: value puntos -> value $anonfun -> value <local Main> -> object Main
           call site: <none> in <none>

== Source file context for tree position ==

    76     }
    77     println("Foreach")
    78     _CURSOR_puntuacion.Foreach{puntos =>
    79         println(s"La puntuacion es de $puntos")
    80     }
    81 }
    82  (full report at: "C:\Users\AlumnoM_AI\Desktop\torneo-twenty-one\.metals\.reports\metals-full\2026-09-17\r_compiler-error_(torneo-twenty-one)_10-48-28-462.md")
sept 17, 2026 10:48:30 A. M. scala.meta.internal.pc.CompilerAccess retryWithCleanCompiler
INFO: compiler crashed due to an error in the Scala compiler, retrying with new compiler instance.
2026.09.17 10:48:30 INFO  Created report: Optional[file:///C:/Users/AlumnoM_AI/Desktop/torneo-twenty-one/src/main/scala/Main.scala]
2026.09.17 10:48:30 INFO  scala.reflect.internal.FatalError: 
  ThisType(method bust) for sym which is not a class
     while compiling: file:///C:/Users/AlumnoM_AI/Desktop/torneo-twenty-one/src/main/scala/Main.scala
        during phase: globalPhase=<no phase>, enteringPhase=parser
     library version: version 2.12.21
    compiler version: version 2.12.21
  reconstructed args: -classpath C:\Users\AlumnoM_AI\Desktop\torneo-twenty-one\.bloop\torneo-twenty-one\bloop-bsp-clients-classes\classes-Metals-K5p93eXBTlydqd5s6zHB1w==;C:\Users\AlumnoM_AI\AppData\Local\bloop\cache\semanticdb\com.sourcegraph.semanticdb-javac.0.12.3\semanticdb-javac-0.12.3.jar;C:\Users\AlumnoM_AI\.sbt\boot\scala-2.12.21\lib\scala-library.jar -Xplugin-require:semanticdb -Yrangepos -Ymacro-expand:discard -Ycache-plugin-class-loader:last-modified -Ypresentation-any-thread

  last tree to typer: Ident(puntos)
       tree position: line 79 of file:///C:/Users/AlumnoM_AI/Desktop/torneo-twenty-one/src/main/scala/Main.scala
            tree tpe: <error>
              symbol: value puntos
   symbol definition: puntos: <error> (a TermSymbol)
      symbol package: <empty>
       symbol owners: value puntos -> value $anonfun -> value <local Main> -> object Main
           call site: <none> in <none>

== Source file context for tree position ==

    76     }
    77     println("Foreach")
    78     _CURSOR_puntuacion.Foreach{puntos =>
    79         println(s"La puntuacion es de $puntos")
    80     }
    81 }
    82  (full report at: "C:\Users\AlumnoM_AI\Desktop\torneo-twenty-one\.metals\.reports\metals-full\2026-09-17\r_compiler-error_(torneo-twenty-one)_10-48-30-195.md")
sept 17, 2026 10:48:30 A. M. scala.meta.internal.pc.CompilerAccess retryWithCleanCompiler
INFO: compiler crashed due to an error in the Scala compiler, retrying with new compiler instance.
2026.09.17 10:48:30 INFO  Created report: Optional[file:///C:/Users/AlumnoM_AI/Desktop/torneo-twenty-one/src/main/scala/Main.scala]
2026.09.17 10:48:30 INFO  scala.reflect.internal.FatalError: 
  ThisType(method bust) for sym which is not a class
     while compiling: file:///C:/Users/AlumnoM_AI/Desktop/torneo-twenty-one/src/main/scala/Main.scala
        during phase: globalPhase=<no phase>, enteringPhase=parser
     library version: version 2.12.21
    compiler version: version 2.12.21
  reconstructed args: -classpath C:\Users\AlumnoM_AI\Desktop\torneo-twenty-one\.bloop\torneo-twenty-one\bloop-bsp-clients-classes\classes-Metals-K5p93eXBTlydqd5s6zHB1w==;C:\Users\AlumnoM_AI\AppData\Local\bloop\cache\semanticdb\com.sourcegraph.semanticdb-javac.0.12.3\semanticdb-javac-0.12.3.jar;C:\Users\AlumnoM_AI\.sbt\boot\scala-2.12.21\lib\scala-library.jar -Xplugin-require:semanticdb -Yrangepos -Ymacro-expand:discard -Ycache-plugin-class-loader:last-modified -Ypresentation-any-thread

  last tree to typer: Ident(puntos)
       tree position: line 79 of file:///C:/Users/AlumnoM_AI/Desktop/torneo-twenty-one/src/main/scala/Main.scala
            tree tpe: <error>
              symbol: value puntos
   symbol definition: puntos: <error> (a TermSymbol)
      symbol package: <empty>
       symbol owners: value puntos -> value $anonfun -> value <local Main> -> object Main
           call site: <none> in <none>

== Source file context for tree position ==

    76     }
    77     println("Foreach")
    78     _CURSOR_puntuacion.Foreach{puntos =>
    79         println(s"La puntuacion es de $puntos")
    80     }
    81 }
    82  (full report at: "C:\Users\AlumnoM_AI\Desktop\torneo-twenty-one\.metals\.reports\metals-full\2026-09-17\r_compiler-error_(torneo-twenty-one)_10-48-30-337.md")
sept 17, 2026 10:48:31 A. M. scala.meta.internal.pc.CompilerAccess retryWithCleanCompiler
INFO: compiler crashed due to an error in the Scala compiler, retrying with new compiler instance.
2026.09.17 10:48:31 INFO  Created report: Optional[file:///C:/Users/AlumnoM_AI/Desktop/torneo-twenty-one/src/main/scala/Main.scala]
2026.09.17 10:48:31 INFO  scala.reflect.internal.FatalError: 
  ThisType(method bust) for sym which is not a class
     while compiling: file:///C:/Users/AlumnoM_AI/Desktop/torneo-twenty-one/src/main/scala/Main.scala
        during phase: globalPhase=<no phase>, enteringPhase=parser
     library version: version 2.12.21
    compiler version: version 2.12.21
  reconstructed args: -classpath C:\Users\AlumnoM_AI\Desktop\torneo-twenty-one\.bloop\torneo-twenty-one\bloop-bsp-clients-classes\classes-Metals-K5p93eXBTlydqd5s6zHB1w==;C:\Users\AlumnoM_AI\AppData\Local\bloop\cache\semanticdb\com.sourcegraph.semanticdb-javac.0.12.3\semanticdb-javac-0.12.3.jar;C:\Users\AlumnoM_AI\.sbt\boot\scala-2.12.21\lib\scala-library.jar -Xplugin-require:semanticdb -Yrangepos -Ymacro-expand:discard -Ycache-plugin-class-loader:last-modified -Ypresentation-any-thread

  last tree to typer: Ident(puntos)
       tree position: line 79 of file:///C:/Users/AlumnoM_AI/Desktop/torneo-twenty-one/src/main/scala/Main.scala
            tree tpe: <error>
              symbol: value puntos
   symbol definition: puntos: <error> (a TermSymbol)
      symbol package: <empty>
       symbol owners: value puntos -> value $anonfun -> value <local Main> -> object Main
           call site: <none> in <none>

== Source file context for tree position ==

    76     }
    77     println("Foreach")
    78     _CURSOR_puntuacion.Foreach{puntos =>
    79         println(s"La puntuacion es de $puntos")
    80     }
    81 }
    82  (full report at: "C:\Users\AlumnoM_AI\Desktop\torneo-twenty-one\.metals\.reports\metals-full\2026-09-17\r_compiler-error_(torneo-twenty-one)_10-48-31-392.md")
sept 17, 2026 10:48:31 A. M. scala.meta.internal.pc.CompilerAccess retryWithCleanCompiler
INFO: compiler crashed due to an error in the Scala compiler, retrying with new compiler instance.
2026.09.17 10:48:31 INFO  Created report: Optional[file:///C:/Users/AlumnoM_AI/Desktop/torneo-twenty-one/src/main/scala/Main.scala]
2026.09.17 10:48:31 INFO  scala.reflect.internal.FatalError: 
  ThisType(method bust) for sym which is not a class
     while compiling: file:///C:/Users/AlumnoM_AI/Desktop/torneo-twenty-one/src/main/scala/Main.scala
        during phase: globalPhase=<no phase>, enteringPhase=parser
     library version: version 2.12.21
    compiler version: version 2.12.21
  reconstructed args: -classpath C:\Users\AlumnoM_AI\Desktop\torneo-twenty-one\.bloop\torneo-twenty-one\bloop-bsp-clients-classes\classes-Metals-K5p93eXBTlydqd5s6zHB1w==;C:\Users\AlumnoM_AI\AppData\Local\bloop\cache\semanticdb\com.sourcegraph.semanticdb-javac.0.12.3\semanticdb-javac-0.12.3.jar;C:\Users\AlumnoM_AI\.sbt\boot\scala-2.12.21\lib\scala-library.jar -Xplugin-require:semanticdb -Yrangepos -Ymacro-expand:discard -Ycache-plugin-class-loader:last-modified -Ypresentation-any-thread

  last tree to typer: Ident(puntos)
       tree position: line 79 of file:///C:/Users/AlumnoM_AI/Desktop/torneo-twenty-one/src/main/scala/Main.scala
            tree tpe: <error>
              symbol: value puntos
   symbol definition: puntos: <error> (a TermSymbol)
      symbol package: <empty>
       symbol owners: value puntos -> value $anonfun -> value <local Main> -> object Main
           call site: <none> in <none>

== Source file context for tree position ==

    76     }
    77     println("Foreach")
    78     _CURSOR_puntuacion.Foreach{puntos =>
    79         println(s"La puntuacion es de $puntos")
    80     }
    81 }
    82  (full report at: "C:\Users\AlumnoM_AI\Desktop\torneo-twenty-one\.metals\.reports\metals-full\2026-09-17\r_compiler-error_(torneo-twenty-one)_10-48-31-532.md")
2026.09.17 10:48:31 INFO  compiling torneo-twenty-one (1 scala source)
2026.09.17 10:48:31 INFO  time: compiled torneo-twenty-one in 0.18s
sept 17, 2026 10:48:32 A. M. scala.meta.internal.pc.CompilerAccess retryWithCleanCompiler
INFO: compiler crashed due to an error in the Scala compiler, retrying with new compiler instance.
2026.09.17 10:48:31 INFO  Created report: Optional[file:///C:/Users/AlumnoM_AI/Desktop/torneo-twenty-one/src/main/scala/Main.scala]
2026.09.17 10:48:31 INFO  scala.reflect.internal.FatalError: 
  ThisType(method bust) for sym which is not a class
     while compiling: file:///C:/Users/AlumnoM_AI/Desktop/torneo-twenty-one/src/main/scala/Main.scala
        during phase: globalPhase=<no phase>, enteringPhase=parser
     library version: version 2.12.21
    compiler version: version 2.12.21
  reconstructed args: -classpath C:\Users\AlumnoM_AI\Desktop\torneo-twenty-one\.bloop\torneo-twenty-one\bloop-bsp-clients-classes\classes-Metals-K5p93eXBTlydqd5s6zHB1w==;C:\Users\AlumnoM_AI\AppData\Local\bloop\cache\semanticdb\com.sourcegraph.semanticdb-javac.0.12.3\semanticdb-javac-0.12.3.jar;C:\Users\AlumnoM_AI\.sbt\boot\scala-2.12.21\lib\scala-library.jar -Xplugin-require:semanticdb -Yrangepos -Ymacro-expand:discard -Ycache-plugin-class-loader:last-modified -Ypresentation-any-thread

  last tree to typer: Ident(puntos)
       tree position: line 79 of file:///C:/Users/AlumnoM_AI/Desktop/torneo-twenty-one/src/main/scala/Main.scala
            tree tpe: <error>
              symbol: value puntos
   symbol definition: puntos: <error> (a TermSymbol)
      symbol package: <empty>
       symbol owners: value puntos -> value $anonfun -> value <local Main> -> object Main
           call site: <none> in <none>

== Source file context for tree position ==

    76     }
    77     println("Foreach")
    78     _CURSOR_puntuacion.Foreach{puntos =>
    79         println(s"La puntuacion es de $puntos")
    80     }
    81 }
    82  (full report at: "C:\Users\AlumnoM_AI\Desktop\torneo-twenty-one\.metals\.reports\metals-full\2026-09-17\r_compiler-error_(torneo-twenty-one)_10-48-32-381.md")
sept 17, 2026 10:48:34 A. M. scala.meta.internal.pc.CompilerAccess retryWithCleanCompiler
INFO: compiler crashed due to an error in the Scala compiler, retrying with new compiler instance.
2026.09.17 10:48:34 INFO  Created report: Optional[file:///C:/Users/AlumnoM_AI/Desktop/torneo-twenty-one/src/main/scala/Main.scala]
2026.09.17 10:48:34 INFO  scala.reflect.internal.FatalError: 
  ThisType(method bust) for sym which is not a class
     while compiling: file:///C:/Users/AlumnoM_AI/Desktop/torneo-twenty-one/src/main/scala/Main.scala
        during phase: globalPhase=<no phase>, enteringPhase=parser
     library version: version 2.12.21
    compiler version: version 2.12.21
  reconstructed args: -classpath C:\Users\AlumnoM_AI\Desktop\torneo-twenty-one\.bloop\torneo-twenty-one\bloop-bsp-clients-classes\classes-Metals-K5p93eXBTlydqd5s6zHB1w==;C:\Users\AlumnoM_AI\AppData\Local\bloop\cache\semanticdb\com.sourcegraph.semanticdb-javac.0.12.3\semanticdb-javac-0.12.3.jar;C:\Users\AlumnoM_AI\.sbt\boot\scala-2.12.21\lib\scala-library.jar -Xplugin-require:semanticdb -Yrangepos -Ymacro-expand:discard -Ycache-plugin-class-loader:last-modified -Ypresentation-any-thread

  last tree to typer: Ident(puntos)
       tree position: line 79 of file:///C:/Users/AlumnoM_AI/Desktop/torneo-twenty-one/src/main/scala/Main.scala
            tree tpe: <error>
              symbol: value puntos
   symbol definition: puntos: <error> (a TermSymbol)
      symbol package: <empty>
       symbol owners: value puntos -> value $anonfun -> value <local Main> -> object Main
           call site: <none> in <none>

== Source file context for tree position ==

    76     }
    77     println("Foreach")
    78     _CURSOR_puntuacion.Foreach{puntos =>
    79         println(s"La puntuacion es de $puntos")
    80     }
    81 }
    82  (full report at: "C:\Users\AlumnoM_AI\Desktop\torneo-twenty-one\.metals\.reports\metals-full\2026-09-17\r_compiler-error_(torneo-twenty-one)_10-48-34-349.md")
sept 17, 2026 10:48:34 A. M. scala.meta.internal.pc.CompilerAccess retryWithCleanCompiler
INFO: compiler crashed due to an error in the Scala compiler, retrying with new compiler instance.
2026.09.17 10:48:34 INFO  Created report: Optional[file:///C:/Users/AlumnoM_AI/Desktop/torneo-twenty-one/src/main/scala/Main.scala]
2026.09.17 10:48:34 INFO  scala.reflect.internal.FatalError: 
  ThisType(method bust) for sym which is not a class
     while compiling: file:///C:/Users/AlumnoM_AI/Desktop/torneo-twenty-one/src/main/scala/Main.scala
        during phase: globalPhase=<no phase>, enteringPhase=parser
     library version: version 2.12.21
    compiler version: version 2.12.21
  reconstructed args: -classpath C:\Users\AlumnoM_AI\Desktop\torneo-twenty-one\.bloop\torneo-twenty-one\bloop-bsp-clients-classes\classes-Metals-K5p93eXBTlydqd5s6zHB1w==;C:\Users\AlumnoM_AI\AppData\Local\bloop\cache\semanticdb\com.sourcegraph.semanticdb-javac.0.12.3\semanticdb-javac-0.12.3.jar;C:\Users\AlumnoM_AI\.sbt\boot\scala-2.12.21\lib\scala-library.jar -Xplugin-require:semanticdb -Yrangepos -Ymacro-expand:discard -Ycache-plugin-class-loader:last-modified -Ypresentation-any-thread

  last tree to typer: Ident(puntos)
       tree position: line 79 of file:///C:/Users/AlumnoM_AI/Desktop/torneo-twenty-one/src/main/scala/Main.scala
            tree tpe: <error>
              symbol: value puntos
   symbol definition: puntos: <error> (a TermSymbol)
      symbol package: <empty>
       symbol owners: value puntos -> value $anonfun -> value <local Main> -> object Main
           call site: <none> in <none>

== Source file context for tree position ==

    76     }
    77     println("Foreach")
    78     _CURSOR_puntuacion.Foreach{puntos =>
    79         println(s"La puntuacion es de $puntos")
    80     }
    81 }
    82  (full report at: "C:\Users\AlumnoM_AI\Desktop\torneo-twenty-one\.metals\.reports\metals-full\2026-09-17\r_compiler-error_(torneo-twenty-one)_10-48-34-473.md")
sept 17, 2026 10:48:34 A. M. scala.meta.internal.pc.CompilerAccess retryWithCleanCompiler
INFO: compiler crashed due to an error in the Scala compiler, retrying with new compiler instance.
2026.09.17 10:48:34 INFO  Created report: Optional[file:///C:/Users/AlumnoM_AI/Desktop/torneo-twenty-one/src/main/scala/Main.scala]
2026.09.17 10:48:34 INFO  scala.reflect.internal.FatalError: 
  ThisType(method bust) for sym which is not a class
     while compiling: file:///C:/Users/AlumnoM_AI/Desktop/torneo-twenty-one/src/main/scala/Main.scala
        during phase: globalPhase=<no phase>, enteringPhase=parser
     library version: version 2.12.21
    compiler version: version 2.12.21
  reconstructed args: -classpath C:\Users\AlumnoM_AI\Desktop\torneo-twenty-one\.bloop\torneo-twenty-one\bloop-bsp-clients-classes\classes-Metals-K5p93eXBTlydqd5s6zHB1w==;C:\Users\AlumnoM_AI\AppData\Local\bloop\cache\semanticdb\com.sourcegraph.semanticdb-javac.0.12.3\semanticdb-javac-0.12.3.jar;C:\Users\AlumnoM_AI\.sbt\boot\scala-2.12.21\lib\scala-library.jar -Xplugin-require:semanticdb -Yrangepos -Ymacro-expand:discard -Ycache-plugin-class-loader:last-modified -Ypresentation-any-thread

  last tree to typer: Ident(puntos)
       tree position: line 79 of file:///C:/Users/AlumnoM_AI/Desktop/torneo-twenty-one/src/main/scala/Main.scala
            tree tpe: <error>
              symbol: value puntos
   symbol definition: puntos: <error> (a TermSymbol)
      symbol package: <empty>
       symbol owners: value puntos -> value $anonfun -> value <local Main> -> object Main
           call site: <none> in <none>

== Source file context for tree position ==

    76     }
    77     println("Foreach")
    78     _CURSOR_puntuacion.Foreach{puntos =>
    79         println(s"La puntuacion es de $puntos")
    80     }
    81 }
    82  (full report at: "C:\Users\AlumnoM_AI\Desktop\torneo-twenty-one\.metals\.reports\metals-full\2026-09-17\r_compiler-error_(torneo-twenty-one)_10-48-34-589.md")
sept 17, 2026 10:48:34 A. M. scala.meta.internal.pc.CompilerAccess retryWithCleanCompiler
INFO: compiler crashed due to an error in the Scala compiler, retrying with new compiler instance.
2026.09.17 10:48:34 INFO  Created report: Optional[file:///C:/Users/AlumnoM_AI/Desktop/torneo-twenty-one/src/main/scala/Main.scala]
2026.09.17 10:48:34 INFO  scala.reflect.internal.FatalError: 
  ThisType(method bust) for sym which is not a class
     while compiling: file:///C:/Users/AlumnoM_AI/Desktop/torneo-twenty-one/src/main/scala/Main.scala
        during phase: globalPhase=<no phase>, enteringPhase=parser
     library version: version 2.12.21
    compiler version: version 2.12.21
  reconstructed args: -classpath C:\Users\AlumnoM_AI\Desktop\torneo-twenty-one\.bloop\torneo-twenty-one\bloop-bsp-clients-classes\classes-Metals-K5p93eXBTlydqd5s6zHB1w==;C:\Users\AlumnoM_AI\AppData\Local\bloop\cache\semanticdb\com.sourcegraph.semanticdb-javac.0.12.3\semanticdb-javac-0.12.3.jar;C:\Users\AlumnoM_AI\.sbt\boot\scala-2.12.21\lib\scala-library.jar -Xplugin-require:semanticdb -Yrangepos -Ymacro-expand:discard -Ycache-plugin-class-loader:last-modified -Ypresentation-any-thread

  last tree to typer: Ident(puntos)
       tree position: line 79 of file:///C:/Users/AlumnoM_AI/Desktop/torneo-twenty-one/src/main/scala/Main.scala
            tree tpe: <error>
              symbol: value puntos
   symbol definition: puntos: <error> (a TermSymbol)
      symbol package: <empty>
       symbol owners: value puntos -> value $anonfun -> value <local Main> -> object Main
           call site: <none> in <none>

== Source file context for tree position ==

    76     }
    77     println("Foreach")
    78     _CURSOR_puntuacion.Foreach{puntos =>
    79         println(s"La puntuacion es de $puntos")
    80     }
    81 }
    82  (full report at: "C:\Users\AlumnoM_AI\Desktop\torneo-twenty-one\.metals\.reports\metals-full\2026-09-17\r_compiler-error_(torneo-twenty-one)_10-48-34-703.md")
sept 17, 2026 10:48:40 A. M. scala.meta.internal.pc.CompilerAccess retryWithCleanCompiler
INFO: compiler crashed due to an error in the Scala compiler, retrying with new compiler instance.
2026.09.17 10:48:40 INFO  Created report: Optional[file:///C:/Users/AlumnoM_AI/Desktop/torneo-twenty-one/src/main/scala/Main.scala]
2026.09.17 10:48:40 INFO  scala.reflect.internal.FatalError: 
  ThisType(method bust) for sym which is not a class
     while compiling: file:///C:/Users/AlumnoM_AI/Desktop/torneo-twenty-one/src/main/scala/Main.scala
        during phase: globalPhase=<no phase>, enteringPhase=parser
     library version: version 2.12.21
    compiler version: version 2.12.21
  reconstructed args: -classpath C:\Users\AlumnoM_AI\Desktop\torneo-twenty-one\.bloop\torneo-twenty-one\bloop-bsp-clients-classes\classes-Metals-K5p93eXBTlydqd5s6zHB1w==;C:\Users\AlumnoM_AI\AppData\Local\bloop\cache\semanticdb\com.sourcegraph.semanticdb-javac.0.12.3\semanticdb-javac-0.12.3.jar;C:\Users\AlumnoM_AI\.sbt\boot\scala-2.12.21\lib\scala-library.jar -Xplugin-require:semanticdb -Yrangepos -Ymacro-expand:discard -Ycache-plugin-class-loader:last-modified -Ypresentation-any-thread

  last tree to typer: Ident(puntos)
       tree position: line 79 of file:///C:/Users/AlumnoM_AI/Desktop/torneo-twenty-one/src/main/scala/Main.scala
            tree tpe: <error>
              symbol: value puntos
   symbol definition: puntos: <error> (a TermSymbol)
      symbol package: <empty>
       symbol owners: value puntos -> value $anonfun -> value <local Main> -> object Main
           call site: <none> in <none>

== Source file context for tree position ==

    76     }
    77     println("Foreach")
    78     _CURSOR_puntuacion.Foreach{puntos =>
    79         println(s"La puntuacion es de $puntos")
    80     }
    81 }
    82  (full report at: "C:\Users\AlumnoM_AI\Desktop\torneo-twenty-one\.metals\.reports\metals-full\2026-09-17\r_compiler-error_(torneo-twenty-one)_10-48-40-723.md")
sept 17, 2026 10:48:40 A. M. scala.meta.internal.pc.CompilerAccess retryWithCleanCompiler
INFO: compiler crashed due to an error in the Scala compiler, retrying with new compiler instance.
2026.09.17 10:48:40 INFO  Created report: Optional[file:///C:/Users/AlumnoM_AI/Desktop/torneo-twenty-one/src/main/scala/Main.scala]
2026.09.17 10:48:40 INFO  scala.reflect.internal.FatalError: 
  ThisType(method bust) for sym which is not a class
     while compiling: file:///C:/Users/AlumnoM_AI/Desktop/torneo-twenty-one/src/main/scala/Main.scala
        during phase: globalPhase=<no phase>, enteringPhase=parser
     library version: version 2.12.21
    compiler version: version 2.12.21
  reconstructed args: -classpath C:\Users\AlumnoM_AI\Desktop\torneo-twenty-one\.bloop\torneo-twenty-one\bloop-bsp-clients-classes\classes-Metals-K5p93eXBTlydqd5s6zHB1w==;C:\Users\AlumnoM_AI\AppData\Local\bloop\cache\semanticdb\com.sourcegraph.semanticdb-javac.0.12.3\semanticdb-javac-0.12.3.jar;C:\Users\AlumnoM_AI\.sbt\boot\scala-2.12.21\lib\scala-library.jar -Xplugin-require:semanticdb -Yrangepos -Ymacro-expand:discard -Ycache-plugin-class-loader:last-modified -Ypresentation-any-thread

  last tree to typer: Ident(puntos)
       tree position: line 79 of file:///C:/Users/AlumnoM_AI/Desktop/torneo-twenty-one/src/main/scala/Main.scala
            tree tpe: <error>
              symbol: value puntos
   symbol definition: puntos: <error> (a TermSymbol)
      symbol package: <empty>
       symbol owners: value puntos -> value $anonfun -> value <local Main> -> object Main
           call site: <none> in <none>

== Source file context for tree position ==

    76     }
    77     println("Foreach")
    78     _CURSOR_puntuacion.Foreach{puntos =>
    79         println(s"La puntuacion es de $puntos")
    80     }
    81 }
    82  (full report at: "C:\Users\AlumnoM_AI\Desktop\torneo-twenty-one\.metals\.reports\metals-full\2026-09-17\r_compiler-error_(torneo-twenty-one)_10-48-40-860.md")
sept 17, 2026 10:48:40 A. M. scala.meta.internal.pc.CompilerAccess retryWithCleanCompiler
INFO: compiler crashed due to an error in the Scala compiler, retrying with new compiler instance.
2026.09.17 10:48:40 INFO  Created report: Optional[file:///C:/Users/AlumnoM_AI/Desktop/torneo-twenty-one/src/main/scala/Main.scala]
2026.09.17 10:48:40 INFO  scala.reflect.internal.FatalError: 
  ThisType(method bust) for sym which is not a class
     while compiling: file:///C:/Users/AlumnoM_AI/Desktop/torneo-twenty-one/src/main/scala/Main.scala
        during phase: globalPhase=<no phase>, enteringPhase=parser
     library version: version 2.12.21
    compiler version: version 2.12.21
  reconstructed args: -classpath C:\Users\AlumnoM_AI\Desktop\torneo-twenty-one\.bloop\torneo-twenty-one\bloop-bsp-clients-classes\classes-Metals-K5p93eXBTlydqd5s6zHB1w==;C:\Users\AlumnoM_AI\AppData\Local\bloop\cache\semanticdb\com.sourcegraph.semanticdb-javac.0.12.3\semanticdb-javac-0.12.3.jar;C:\Users\AlumnoM_AI\.sbt\boot\scala-2.12.21\lib\scala-library.jar -Xplugin-require:semanticdb -Yrangepos -Ymacro-expand:discard -Ycache-plugin-class-loader:last-modified -Ypresentation-any-thread

  last tree to typer: Ident(puntos)
       tree position: line 79 of file:///C:/Users/AlumnoM_AI/Desktop/torneo-twenty-one/src/main/scala/Main.scala
            tree tpe: <error>
              symbol: value puntos
   symbol definition: puntos: <error> (a TermSymbol)
      symbol package: <empty>
       symbol owners: value puntos -> value $anonfun -> value <local Main> -> object Main
           call site: <none> in <none>

== Source file context for tree position ==

    76     }
    77     println("Foreach")
    78     _CURSOR_puntuacion.Foreach{puntos =>
    79         println(s"La puntuacion es de $puntos")
    80     }
    81 }
    82  (full report at: "C:\Users\AlumnoM_AI\Desktop\torneo-twenty-one\.metals\.reports\metals-full\2026-09-17\r_compiler-error_(torneo-twenty-one)_10-48-40-987.md")
sept 17, 2026 10:48:41 A. M. scala.meta.internal.pc.CompilerAccess retryWithCleanCompiler
INFO: compiler crashed due to an error in the Scala compiler, retrying with new compiler instance.
2026.09.17 10:48:40 INFO  Created report: Optional[file:///C:/Users/AlumnoM_AI/Desktop/torneo-twenty-one/src/main/scala/Main.scala]
2026.09.17 10:48:40 INFO  scala.reflect.internal.FatalError: 
  ThisType(method bust) for sym which is not a class
     while compiling: file:///C:/Users/AlumnoM_AI/Desktop/torneo-twenty-one/src/main/scala/Main.scala
        during phase: globalPhase=<no phase>, enteringPhase=parser
     library version: version 2.12.21
    compiler version: version 2.12.21
  reconstructed args: -classpath C:\Users\AlumnoM_AI\Desktop\torneo-twenty-one\.bloop\torneo-twenty-one\bloop-bsp-clients-classes\classes-Metals-K5p93eXBTlydqd5s6zHB1w==;C:\Users\AlumnoM_AI\AppData\Local\bloop\cache\semanticdb\com.sourcegraph.semanticdb-javac.0.12.3\semanticdb-javac-0.12.3.jar;C:\Users\AlumnoM_AI\.sbt\boot\scala-2.12.21\lib\scala-library.jar -Xplugin-require:semanticdb -Yrangepos -Ymacro-expand:discard -Ycache-plugin-class-loader:last-modified -Ypresentation-any-thread

  last tree to typer: Ident(puntos)
       tree position: line 79 of file:///C:/Users/AlumnoM_AI/Desktop/torneo-twenty-one/src/main/scala/Main.scala
            tree tpe: <error>
              symbol: value puntos
   symbol definition: puntos: <error> (a TermSymbol)
      symbol package: <empty>
       symbol owners: value puntos -> value $anonfun -> value <local Main> -> object Main
           call site: <none> in <none>

== Source file context for tree position ==

    76     }
    77     println("Foreach")
    78     _CURSOR_puntuacion.Foreach{puntos =>
    79         println(s"La puntuacion es de $puntos")
    80     }
    81 }
    82  (full report at: "C:\Users\AlumnoM_AI\Desktop\torneo-twenty-one\.metals\.reports\metals-full\2026-09-17\r_compiler-error_(torneo-twenty-one)_10-48-41-095.md")
sept 17, 2026 10:48:41 A. M. scala.meta.internal.pc.CompilerAccess retryWithCleanCompiler
INFO: compiler crashed due to an error in the Scala compiler, retrying with new compiler instance.
2026.09.17 10:48:40 INFO  Created report: Optional[file:///C:/Users/AlumnoM_AI/Desktop/torneo-twenty-one/src/main/scala/Main.scala]
2026.09.17 10:48:40 INFO  scala.reflect.internal.FatalError: 
  ThisType(method bust) for sym which is not a class
     while compiling: file:///C:/Users/AlumnoM_AI/Desktop/torneo-twenty-one/src/main/scala/Main.scala
        during phase: globalPhase=<no phase>, enteringPhase=parser
     library version: version 2.12.21
    compiler version: version 2.12.21
  reconstructed args: -classpath C:\Users\AlumnoM_AI\Desktop\torneo-twenty-one\.bloop\torneo-twenty-one\bloop-bsp-clients-classes\classes-Metals-K5p93eXBTlydqd5s6zHB1w==;C:\Users\AlumnoM_AI\AppData\Local\bloop\cache\semanticdb\com.sourcegraph.semanticdb-javac.0.12.3\semanticdb-javac-0.12.3.jar;C:\Users\AlumnoM_AI\.sbt\boot\scala-2.12.21\lib\scala-library.jar -Xplugin-require:semanticdb -Yrangepos -Ymacro-expand:discard -Ycache-plugin-class-loader:last-modified -Ypresentation-any-thread

  last tree to typer: Ident(puntos)
       tree position: line 79 of file:///C:/Users/AlumnoM_AI/Desktop/torneo-twenty-one/src/main/scala/Main.scala
            tree tpe: <error>
              symbol: value puntos
   symbol definition: puntos: <error> (a TermSymbol)
      symbol package: <empty>
       symbol owners: value puntos -> value $anonfun -> value <local Main> -> object Main
           call site: <none> in <none>

== Source file context for tree position ==

    76     }
    77     println("Foreach")
    78     _CURSOR_p.Foreach{puntos =>
    79         println(s"La puntuacion es de $puntos")
    80     }
    81 }
    82  (full report at: "C:\Users\AlumnoM_AI\Desktop\torneo-twenty-one\.metals\.reports\metals-full\2026-09-17\r_compiler-error_(torneo-twenty-one)_10-48-41-614.md")
sept 17, 2026 10:48:41 A. M. scala.meta.internal.pc.CompilerAccess retryWithCleanCompiler
INFO: compiler crashed due to an error in the Scala compiler, retrying with new compiler instance.
sept 17, 2026 10:48:41 A. M. scala.meta.internal.pc.CompilerAccess retryWithCleanCompiler
INFO: compiler crashed due to an error in the Scala compiler, retrying with new compiler instance.
2026.09.17 10:48:41 INFO  Created report: Optional[file:///C:/Users/AlumnoM_AI/Desktop/torneo-twenty-one/src/main/scala/Main.scala]
2026.09.17 10:48:41 INFO  scala.reflect.internal.FatalError: 
  ThisType(method bust) for sym which is not a class
     while compiling: file:///C:/Users/AlumnoM_AI/Desktop/torneo-twenty-one/src/main/scala/Main.scala
        during phase: globalPhase=<no phase>, enteringPhase=parser
     library version: version 2.12.21
    compiler version: version 2.12.21
  reconstructed args: -classpath C:\Users\AlumnoM_AI\Desktop\torneo-twenty-one\.bloop\torneo-twenty-one\bloop-bsp-clients-classes\classes-Metals-K5p93eXBTlydqd5s6zHB1w==;C:\Users\AlumnoM_AI\AppData\Local\bloop\cache\semanticdb\com.sourcegraph.semanticdb-javac.0.12.3\semanticdb-javac-0.12.3.jar;C:\Users\AlumnoM_AI\.sbt\boot\scala-2.12.21\lib\scala-library.jar -Xplugin-require:semanticdb -Yrangepos -Ymacro-expand:discard -Ycache-plugin-class-loader:last-modified -Ypresentation-any-thread

  last tree to typer: Ident(puntos)
       tree position: line 79 of file:///C:/Users/AlumnoM_AI/Desktop/torneo-twenty-one/src/main/scala/Main.scala
            tree tpe: <error>
              symbol: value puntos
   symbol definition: puntos: <error> (a TermSymbol)
      symbol package: <empty>
       symbol owners: value puntos -> value $anonfun -> value <local Main> -> object Main
           call site: <none> in <none>

== Source file context for tree position ==

    76     }
    77     println("Foreach")
    78     p_CURSOR_u.Foreach{puntos =>
    79         println(s"La puntuacion es de $puntos")
    80     }
    81 }
    82  (full report at: "C:\Users\AlumnoM_AI\Desktop\torneo-twenty-one\.metals\.reports\metals-full\2026-09-17\r_compiler-error_(torneo-twenty-one)_10-48-41-883.md")
sept 17, 2026 10:48:42 A. M. scala.meta.internal.pc.CompilerAccess retryWithCleanCompiler
INFO: compiler crashed due to an error in the Scala compiler, retrying with new compiler instance.
2026.09.17 10:48:41 INFO  Created report: Optional[file:///C:/Users/AlumnoM_AI/Desktop/torneo-twenty-one/src/main/scala/Main.scala]
2026.09.17 10:48:41 INFO  scala.reflect.internal.FatalError: 
  ThisType(method bust) for sym which is not a class
     while compiling: file:///C:/Users/AlumnoM_AI/Desktop/torneo-twenty-one/src/main/scala/Main.scala
        during phase: globalPhase=<no phase>, enteringPhase=parser
     library version: version 2.12.21
    compiler version: version 2.12.21
  reconstructed args: -classpath C:\Users\AlumnoM_AI\Desktop\torneo-twenty-one\.bloop\torneo-twenty-one\bloop-bsp-clients-classes\classes-Metals-K5p93eXBTlydqd5s6zHB1w==;C:\Users\AlumnoM_AI\AppData\Local\bloop\cache\semanticdb\com.sourcegraph.semanticdb-javac.0.12.3\semanticdb-javac-0.12.3.jar;C:\Users\AlumnoM_AI\.sbt\boot\scala-2.12.21\lib\scala-library.jar -Xplugin-require:semanticdb -Yrangepos -Ymacro-expand:discard -Ycache-plugin-class-loader:last-modified -Ypresentation-any-thread

  last tree to typer: Ident(puntos)
       tree position: line 79 of file:///C:/Users/AlumnoM_AI/Desktop/torneo-twenty-one/src/main/scala/Main.scala
            tree tpe: <error>
              symbol: value puntos
   symbol definition: puntos: <error> (a TermSymbol)
      symbol package: <empty>
       symbol owners: value puntos -> value $anonfun -> value <local Main> -> object Main
           call site: <none> in <none>

== Source file context for tree position ==

    76     }
    77     println("Foreach")
    78     p_CURSOR_u.Foreach{puntos =>
    79         println(s"La puntuacion es de $puntos")
    80     }
    81 }
    82  (full report at: "C:\Users\AlumnoM_AI\Desktop\torneo-twenty-one\.metals\.reports\metals-full\2026-09-17\r_compiler-error_(torneo-twenty-one)_10-48-42-134.md")
sept 17, 2026 10:48:42 A. M. scala.meta.internal.pc.CompilerAccess retryWithCleanCompiler
INFO: compiler crashed due to an error in the Scala compiler, retrying with new compiler instance.
sept 17, 2026 10:48:42 A. M. scala.meta.internal.pc.CompilerAccess retryWithCleanCompiler
INFO: compiler crashed due to an error in the Scala compiler, retrying with new compiler instance.
sept 17, 2026 10:48:42 A. M. scala.meta.internal.pc.CompilerAccess retryWithCleanCompiler
INFO: compiler crashed due to an error in the Scala compiler, retrying with new compiler instance.
2026.09.17 10:48:41 INFO  Created report: Optional[file:///C:/Users/AlumnoM_AI/Desktop/torneo-twenty-one/src/main/scala/Main.scala]
2026.09.17 10:48:41 INFO  scala.reflect.internal.FatalError: 
  ThisType(method bust) for sym which is not a class
     while compiling: file:///C:/Users/AlumnoM_AI/Desktop/torneo-twenty-one/src/main/scala/Main.scala
        during phase: globalPhase=<no phase>, enteringPhase=parser
     library version: version 2.12.21
    compiler version: version 2.12.21
  reconstructed args: -classpath C:\Users\AlumnoM_AI\Desktop\torneo-twenty-one\.bloop\torneo-twenty-one\bloop-bsp-clients-classes\classes-Metals-K5p93eXBTlydqd5s6zHB1w==;C:\Users\AlumnoM_AI\AppData\Local\bloop\cache\semanticdb\com.sourcegraph.semanticdb-javac.0.12.3\semanticdb-javac-0.12.3.jar;C:\Users\AlumnoM_AI\.sbt\boot\scala-2.12.21\lib\scala-library.jar -Xplugin-require:semanticdb -Yrangepos -Ymacro-expand:discard -Ycache-plugin-class-loader:last-modified -Ypresentation-any-thread

  last tree to typer: Ident(puntos)
       tree position: line 79 of file:///C:/Users/AlumnoM_AI/Desktop/torneo-twenty-one/src/main/scala/Main.scala
            tree tpe: <error>
              symbol: value puntos
   symbol definition: puntos: <error> (a TermSymbol)
      symbol package: <empty>
       symbol owners: value puntos -> value $anonfun -> value <local Main> -> object Main
           call site: <none> in <none>

== Source file context for tree position ==

    76     }
    77     println("Foreach")
    78     pun_CURSOR_t.Foreach{puntos =>
    79         println(s"La puntuacion es de $puntos")
    80     }
    81 }
    82  (full report at: "C:\Users\AlumnoM_AI\Desktop\torneo-twenty-one\.metals\.reports\metals-full\2026-09-17\r_compiler-error_(torneo-twenty-one)_10-48-42-582.md")
sept 17, 2026 10:48:42 A. M. scala.meta.internal.pc.CompilerAccess retryWithCleanCompiler
INFO: compiler crashed due to an error in the Scala compiler, retrying with new compiler instance.
2026.09.17 10:48:41 INFO  Created report: Optional[file:///C:/Users/AlumnoM_AI/Desktop/torneo-twenty-one/src/main/scala/Main.scala]
2026.09.17 10:48:41 INFO  scala.reflect.internal.FatalError: 
  ThisType(method bust) for sym which is not a class
     while compiling: file:///C:/Users/AlumnoM_AI/Desktop/torneo-twenty-one/src/main/scala/Main.scala
        during phase: globalPhase=<no phase>, enteringPhase=parser
     library version: version 2.12.21
    compiler version: version 2.12.21
  reconstructed args: -classpath C:\Users\AlumnoM_AI\Desktop\torneo-twenty-one\.bloop\torneo-twenty-one\bloop-bsp-clients-classes\classes-Metals-K5p93eXBTlydqd5s6zHB1w==;C:\Users\AlumnoM_AI\AppData\Local\bloop\cache\semanticdb\com.sourcegraph.semanticdb-javac.0.12.3\semanticdb-javac-0.12.3.jar;C:\Users\AlumnoM_AI\.sbt\boot\scala-2.12.21\lib\scala-library.jar -Xplugin-require:semanticdb -Yrangepos -Ymacro-expand:discard -Ycache-plugin-class-loader:last-modified -Ypresentation-any-thread

  last tree to typer: Ident(puntos)
       tree position: line 79 of file:///C:/Users/AlumnoM_AI/Desktop/torneo-twenty-one/src/main/scala/Main.scala
            tree tpe: <error>
              symbol: value puntos
   symbol definition: puntos: <error> (a TermSymbol)
      symbol package: <empty>
       symbol owners: value puntos -> value $anonfun -> value <local Main> -> object Main
           call site: <none> in <none>

== Source file context for tree position ==

    76     }
    77     println("Foreach")
    78     pun_CURSOR_t.Foreach{puntos =>
    79         println(s"La puntuacion es de $puntos")
    80     }
    81 }
    82  (full report at: "C:\Users\AlumnoM_AI\Desktop\torneo-twenty-one\.metals\.reports\metals-full\2026-09-17\r_compiler-error_(torneo-twenty-one)_10-48-42-762.md")
sept 17, 2026 10:48:42 A. M. scala.meta.internal.pc.CompilerAccess retryWithCleanCompiler
INFO: compiler crashed due to an error in the Scala compiler, retrying with new compiler instance.
2026.09.17 10:48:42 INFO  Created report: Optional[file:///C:/Users/AlumnoM_AI/Desktop/torneo-twenty-one/src/main/scala/Main.scala]
2026.09.17 10:48:42 INFO  scala.reflect.internal.FatalError: 
  ThisType(method bust) for sym which is not a class
     while compiling: file:///C:/Users/AlumnoM_AI/Desktop/torneo-twenty-one/src/main/scala/Main.scala
        during phase: globalPhase=<no phase>, enteringPhase=parser
     library version: version 2.12.21
    compiler version: version 2.12.21
  reconstructed args: -classpath C:\Users\AlumnoM_AI\Desktop\torneo-twenty-one\.bloop\torneo-twenty-one\bloop-bsp-clients-classes\classes-Metals-K5p93eXBTlydqd5s6zHB1w==;C:\Users\AlumnoM_AI\AppData\Local\bloop\cache\semanticdb\com.sourcegraph.semanticdb-javac.0.12.3\semanticdb-javac-0.12.3.jar;C:\Users\AlumnoM_AI\.sbt\boot\scala-2.12.21\lib\scala-library.jar -Xplugin-require:semanticdb -Yrangepos -Ymacro-expand:discard -Ycache-plugin-class-loader:last-modified -Ypresentation-any-thread

  last tree to typer: Ident(puntos)
       tree position: line 79 of file:///C:/Users/AlumnoM_AI/Desktop/torneo-twenty-one/src/main/scala/Main.scala
            tree tpe: <error>
              symbol: value puntos
   symbol definition: puntos: <error> (a TermSymbol)
      symbol package: <empty>
       symbol owners: value puntos -> value $anonfun -> value <local Main> -> object Main
           call site: <none> in <none>

== Source file context for tree position ==

    76     }
    77     println("Foreach")
    78     _CURSOR_punt.Foreach{puntos =>
    79         println(s"La puntuacion es de $puntos")
    80     }
    81 }
    82  (full report at: "C:\Users\AlumnoM_AI\Desktop\torneo-twenty-one\.metals\.reports\metals-full\2026-09-17\r_compiler-error_(torneo-twenty-one)_10-48-42-902.md")
sept 17, 2026 10:48:44 A. M. scala.meta.internal.pc.CompilerAccess retryWithCleanCompiler
INFO: compiler crashed due to an error in the Scala compiler, retrying with new compiler instance.
2026.09.17 10:48:44 INFO  Created report: Optional[file:///C:/Users/AlumnoM_AI/Desktop/torneo-twenty-one/src/main/scala/Main.scala]
2026.09.17 10:48:44 INFO  scala.reflect.internal.FatalError: 
  ThisType(method bust) for sym which is not a class
     while compiling: file:///C:/Users/AlumnoM_AI/Desktop/torneo-twenty-one/src/main/scala/Main.scala
        during phase: globalPhase=<no phase>, enteringPhase=parser
     library version: version 2.12.21
    compiler version: version 2.12.21
  reconstructed args: -classpath C:\Users\AlumnoM_AI\Desktop\torneo-twenty-one\.bloop\torneo-twenty-one\bloop-bsp-clients-classes\classes-Metals-K5p93eXBTlydqd5s6zHB1w==;C:\Users\AlumnoM_AI\AppData\Local\bloop\cache\semanticdb\com.sourcegraph.semanticdb-javac.0.12.3\semanticdb-javac-0.12.3.jar;C:\Users\AlumnoM_AI\.sbt\boot\scala-2.12.21\lib\scala-library.jar -Xplugin-require:semanticdb -Yrangepos -Ymacro-expand:discard -Ycache-plugin-class-loader:last-modified -Ypresentation-any-thread

  last tree to typer: Ident(puntos)
       tree position: line 79 of file:///C:/Users/AlumnoM_AI/Desktop/torneo-twenty-one/src/main/scala/Main.scala
            tree tpe: <error>
              symbol: value puntos
   symbol definition: puntos: <error> (a TermSymbol)
      symbol package: <empty>
       symbol owners: value puntos -> value $anonfun -> value <local Main> -> object Main
           call site: <none> in <none>

== Source file context for tree position ==

    76     }
    77     println("Foreach")
    78     pun_CURSOR_t.Foreach{puntos =>
    79         println(s"La puntuacion es de $puntos")
    80     }
    81 }
    82  (full report at: "C:\Users\AlumnoM_AI\Desktop\torneo-twenty-one\.metals\.reports\metals-full\2026-09-17\r_compiler-error_(torneo-twenty-one)_10-48-44-887.md")
sept 17, 2026 10:48:44 A. M. scala.meta.internal.pc.CompilerAccess retryWithCleanCompiler
INFO: compiler crashed due to an error in the Scala compiler, retrying with new compiler instance.
2026.09.17 10:48:44 INFO  Created report: Optional[file:///C:/Users/AlumnoM_AI/Desktop/torneo-twenty-one/src/main/scala/Main.scala]
2026.09.17 10:48:44 INFO  scala.reflect.internal.FatalError: 
  ThisType(method bust) for sym which is not a class
     while compiling: file:///C:/Users/AlumnoM_AI/Desktop/torneo-twenty-one/src/main/scala/Main.scala
        during phase: globalPhase=<no phase>, enteringPhase=parser
     library version: version 2.12.21
    compiler version: version 2.12.21
  reconstructed args: -classpath C:\Users\AlumnoM_AI\Desktop\torneo-twenty-one\.bloop\torneo-twenty-one\bloop-bsp-clients-classes\classes-Metals-K5p93eXBTlydqd5s6zHB1w==;C:\Users\AlumnoM_AI\AppData\Local\bloop\cache\semanticdb\com.sourcegraph.semanticdb-javac.0.12.3\semanticdb-javac-0.12.3.jar;C:\Users\AlumnoM_AI\.sbt\boot\scala-2.12.21\lib\scala-library.jar -Xplugin-require:semanticdb -Yrangepos -Ymacro-expand:discard -Ycache-plugin-class-loader:last-modified -Ypresentation-any-thread

  last tree to typer: Ident(puntos)
       tree position: line 79 of file:///C:/Users/AlumnoM_AI/Desktop/torneo-twenty-one/src/main/scala/Main.scala
            tree tpe: <error>
              symbol: value puntos
   symbol definition: puntos: <error> (a TermSymbol)
      symbol package: <empty>
       symbol owners: value puntos -> value $anonfun -> value <local Main> -> object Main
           call site: <none> in <none>

== Source file context for tree position ==

    76     }
    77     println("Foreach")
    78     _CURSOR_punt.Foreach{puntos =>
    79         println(s"La puntuacion es de $puntos")
    80     }
    81 }
    82  (full report at: "C:\Users\AlumnoM_AI\Desktop\torneo-twenty-one\.metals\.reports\metals-full\2026-09-17\r_compiler-error_(torneo-twenty-one)_10-48-45-040.md")
sept 17, 2026 10:48:45 A. M. scala.meta.internal.pc.CompilerAccess retryWithCleanCompiler
INFO: compiler crashed due to an error in the Scala compiler, retrying with new compiler instance.
2026.09.17 10:48:45 INFO  Created report: Optional[file:///C:/Users/AlumnoM_AI/Desktop/torneo-twenty-one/src/main/scala/Main.scala]
2026.09.17 10:48:45 INFO  scala.reflect.internal.FatalError: 
  ThisType(method bust) for sym which is not a class
     while compiling: file:///C:/Users/AlumnoM_AI/Desktop/torneo-twenty-one/src/main/scala/Main.scala
        during phase: globalPhase=<no phase>, enteringPhase=parser
     library version: version 2.12.21
    compiler version: version 2.12.21
  reconstructed args: -classpath C:\Users\AlumnoM_AI\Desktop\torneo-twenty-one\.bloop\torneo-twenty-one\bloop-bsp-clients-classes\classes-Metals-K5p93eXBTlydqd5s6zHB1w==;C:\Users\AlumnoM_AI\AppData\Local\bloop\cache\semanticdb\com.sourcegraph.semanticdb-javac.0.12.3\semanticdb-javac-0.12.3.jar;C:\Users\AlumnoM_AI\.sbt\boot\scala-2.12.21\lib\scala-library.jar -Xplugin-require:semanticdb -Yrangepos -Ymacro-expand:discard -Ycache-plugin-class-loader:last-modified -Ypresentation-any-thread

  last tree to typer: Ident(puntos)
       tree position: line 79 of file:///C:/Users/AlumnoM_AI/Desktop/torneo-twenty-one/src/main/scala/Main.scala
            tree tpe: <error>
              symbol: value puntos
   symbol definition: puntos: <error> (a TermSymbol)
      symbol package: <empty>
       symbol owners: value puntos -> value $anonfun -> value <local Main> -> object Main
           call site: <none> in <none>

== Source file context for tree position ==

    76     }
    77     println("Foreach")
    78     puntuacionesRonda_CURSOR_2.Foreach{puntos =>
    79         println(s"La puntuacion es de $puntos")
    80     }
    81 }
    82  (full report at: "C:\Users\AlumnoM_AI\Desktop\torneo-twenty-one\.metals\.reports\metals-full\2026-09-17\r_compiler-error_(torneo-twenty-one)_10-48-45-950.md")
sept 17, 2026 10:48:46 A. M. scala.meta.internal.pc.CompilerAccess retryWithCleanCompiler
INFO: compiler crashed due to an error in the Scala compiler, retrying with new compiler instance.
2026.09.17 10:48:45 INFO  Created report: Optional[file:///C:/Users/AlumnoM_AI/Desktop/torneo-twenty-one/src/main/scala/Main.scala]
2026.09.17 10:48:45 INFO  scala.reflect.internal.FatalError: 
  ThisType(method bust) for sym which is not a class
     while compiling: file:///C:/Users/AlumnoM_AI/Desktop/torneo-twenty-one/src/main/scala/Main.scala
        during phase: globalPhase=<no phase>, enteringPhase=parser
     library version: version 2.12.21
    compiler version: version 2.12.21
  reconstructed args: -classpath C:\Users\AlumnoM_AI\Desktop\torneo-twenty-one\.bloop\torneo-twenty-one\bloop-bsp-clients-classes\classes-Metals-K5p93eXBTlydqd5s6zHB1w==;C:\Users\AlumnoM_AI\AppData\Local\bloop\cache\semanticdb\com.sourcegraph.semanticdb-javac.0.12.3\semanticdb-javac-0.12.3.jar;C:\Users\AlumnoM_AI\.sbt\boot\scala-2.12.21\lib\scala-library.jar -Xplugin-require:semanticdb -Yrangepos -Ymacro-expand:discard -Ycache-plugin-class-loader:last-modified -Ypresentation-any-thread

  last tree to typer: Ident(puntos)
       tree position: line 79 of file:///C:/Users/AlumnoM_AI/Desktop/torneo-twenty-one/src/main/scala/Main.scala
            tree tpe: <error>
              symbol: value puntos
   symbol definition: puntos: <error> (a TermSymbol)
      symbol package: <empty>
       symbol owners: value puntos -> value $anonfun -> value <local Main> -> object Main
           call site: <none> in <none>

== Source file context for tree position ==

    76     }
    77     println("Foreach")
    78     puntuacionesRonda_CURSOR_2.Foreach{puntos =>
    79         println(s"La puntuacion es de $puntos")
    80     }
    81 }
    82  (full report at: "C:\Users\AlumnoM_AI\Desktop\torneo-twenty-one\.metals\.reports\metals-full\2026-09-17\r_compiler-error_(torneo-twenty-one)_10-48-46-132.md")
sept 17, 2026 10:48:46 A. M. scala.meta.internal.pc.CompilerAccess retryWithCleanCompiler
INFO: compiler crashed due to an error in the Scala compiler, retrying with new compiler instance.
2026.09.17 10:48:45 INFO  Created report: Optional[file:///C:/Users/AlumnoM_AI/Desktop/torneo-twenty-one/src/main/scala/Main.scala]
2026.09.17 10:48:45 INFO  scala.reflect.internal.FatalError: 
  ThisType(method bust) for sym which is not a class
     while compiling: file:///C:/Users/AlumnoM_AI/Desktop/torneo-twenty-one/src/main/scala/Main.scala
        during phase: globalPhase=<no phase>, enteringPhase=parser
     library version: version 2.12.21
    compiler version: version 2.12.21
  reconstructed args: -classpath C:\Users\AlumnoM_AI\Desktop\torneo-twenty-one\.bloop\torneo-twenty-one\bloop-bsp-clients-classes\classes-Metals-K5p93eXBTlydqd5s6zHB1w==;C:\Users\AlumnoM_AI\AppData\Local\bloop\cache\semanticdb\com.sourcegraph.semanticdb-javac.0.12.3\semanticdb-javac-0.12.3.jar;C:\Users\AlumnoM_AI\.sbt\boot\scala-2.12.21\lib\scala-library.jar -Xplugin-require:semanticdb -Yrangepos -Ymacro-expand:discard -Ycache-plugin-class-loader:last-modified -Ypresentation-any-thread

  last tree to typer: Ident(puntos)
       tree position: line 79 of file:///C:/Users/AlumnoM_AI/Desktop/torneo-twenty-one/src/main/scala/Main.scala
            tree tpe: <error>
              symbol: value puntos
   symbol definition: puntos: <error> (a TermSymbol)
      symbol package: <empty>
       symbol owners: value puntos -> value $anonfun -> value <local Main> -> object Main
           call site: <none> in <none>

== Source file context for tree position ==

    76     }
    77     println("Foreach")
    78     _CURSOR_puntuacionesRonda2.Foreach{puntos =>
    79         println(s"La puntuacion es de $puntos")
    80     }
    81 }
    82  (full report at: "C:\Users\AlumnoM_AI\Desktop\torneo-twenty-one\.metals\.reports\metals-full\2026-09-17\r_compiler-error_(torneo-twenty-one)_10-48-46-254.md")
2026.09.17 10:48:46 INFO  compiling torneo-twenty-one (1 scala source)
2026.09.17 10:48:46 INFO  time: compiled torneo-twenty-one in 0.18s
2026.09.17 10:48:58 INFO  compiling torneo-twenty-one (1 scala source)
2026.09.17 10:48:58 INFO  time: compiled torneo-twenty-one in 0.14s
sept 17, 2026 10:48:58 A. M. scala.meta.internal.pc.CompilerAccess retryWithCleanCompiler
INFO: compiler crashed due to an error in the Scala compiler, retrying with new compiler instance.
2026.09.17 10:48:58 INFO  Created report: Optional[file:///C:/Users/AlumnoM_AI/Desktop/torneo-twenty-one/src/main/scala/Main.scala]
2026.09.17 10:48:58 INFO  scala.reflect.internal.FatalError: 
  ThisType(value <local Main>) for sym which is not a class
     while compiling: file:///C:/Users/AlumnoM_AI/Desktop/torneo-twenty-one/src/main/scala/Main.scala
        during phase: globalPhase=<no phase>, enteringPhase=parser
     library version: version 2.12.21
    compiler version: version 2.12.21
  reconstructed args: -classpath C:\Users\AlumnoM_AI\Desktop\torneo-twenty-one\.bloop\torneo-twenty-one\bloop-bsp-clients-classes\classes-Metals-K5p93eXBTlydqd5s6zHB1w==;C:\Users\AlumnoM_AI\AppData\Local\bloop\cache\semanticdb\com.sourcegraph.semanticdb-javac.0.12.3\semanticdb-javac-0.12.3.jar;C:\Users\AlumnoM_AI\.sbt\boot\scala-2.12.21\lib\scala-library.jar -Xplugin-require:semanticdb -Yrangepos -Ymacro-expand:discard -Ycache-plugin-class-loader:last-modified -Ypresentation-any-thread

  last tree to typer: Ident(puntos)
       tree position: line 79 of file:///C:/Users/AlumnoM_AI/Desktop/torneo-twenty-one/src/main/scala/Main.scala
            tree tpe: <error>
              symbol: value puntos
   symbol definition: puntos: <error> (a TermSymbol)
      symbol package: <empty>
       symbol owners: value puntos -> value $anonfun -> value <local Main> -> object Main
           call site: <none> in <none>

== Source file context for tree position ==

    76     }
    77     println("Foreach")
    78     _CURSOR_punt.Foreach{puntos =>
    79         println(s"La puntuacion es de $puntos")
    80     }
    81 }
    82  (full report at: "C:\Users\AlumnoM_AI\Desktop\torneo-twenty-one\.metals\.reports\metals-full\2026-09-17\r_compiler-error_(torneo-twenty-one)_10-48-58-543.md")
sept 17, 2026 10:48:58 A. M. scala.meta.internal.pc.CompilerAccess retryWithCleanCompiler
INFO: compiler crashed due to an error in the Scala compiler, retrying with new compiler instance.
2026.09.17 10:48:58 INFO  Created report: Optional[file:///C:/Users/AlumnoM_AI/Desktop/torneo-twenty-one/src/main/scala/Main.scala]
2026.09.17 10:48:58 INFO  scala.reflect.internal.FatalError: 
  ThisType(value <local Main>) for sym which is not a class
     while compiling: file:///C:/Users/AlumnoM_AI/Desktop/torneo-twenty-one/src/main/scala/Main.scala
        during phase: globalPhase=<no phase>, enteringPhase=parser
     library version: version 2.12.21
    compiler version: version 2.12.21
  reconstructed args: -classpath C:\Users\AlumnoM_AI\Desktop\torneo-twenty-one\.bloop\torneo-twenty-one\bloop-bsp-clients-classes\classes-Metals-K5p93eXBTlydqd5s6zHB1w==;C:\Users\AlumnoM_AI\AppData\Local\bloop\cache\semanticdb\com.sourcegraph.semanticdb-javac.0.12.3\semanticdb-javac-0.12.3.jar;C:\Users\AlumnoM_AI\.sbt\boot\scala-2.12.21\lib\scala-library.jar -Xplugin-require:semanticdb -Yrangepos -Ymacro-expand:discard -Ycache-plugin-class-loader:last-modified -Ypresentation-any-thread

  last tree to typer: Ident(puntos)
       tree position: line 79 of file:///C:/Users/AlumnoM_AI/Desktop/torneo-twenty-one/src/main/scala/Main.scala
            tree tpe: <error>
              symbol: value puntos
   symbol definition: puntos: <error> (a TermSymbol)
      symbol package: <empty>
       symbol owners: value puntos -> value $anonfun -> value <local Main> -> object Main
           call site: <none> in <none>

== Source file context for tree position ==

    76     }
    77     println("Foreach")
    78     _CURSOR_punt.Foreach{puntos =>
    79         println(s"La puntuacion es de $puntos")
    80     }
    81 }
    82  (full report at: "C:\Users\AlumnoM_AI\Desktop\torneo-twenty-one\.metals\.reports\metals-full\2026-09-17\r_compiler-error_(torneo-twenty-one)_10-48-58-646.md")
sept 17, 2026 10:48:58 A. M. scala.meta.internal.pc.CompilerAccess retryWithCleanCompiler
INFO: compiler crashed due to an error in the Scala compiler, retrying with new compiler instance.
2026.09.17 10:48:58 INFO  Created report: Optional[file:///C:/Users/AlumnoM_AI/Desktop/torneo-twenty-one/src/main/scala/Main.scala]
2026.09.17 10:48:58 INFO  scala.reflect.internal.FatalError: 
  ThisType(value <local Main>) for sym which is not a class
     while compiling: file:///C:/Users/AlumnoM_AI/Desktop/torneo-twenty-one/src/main/scala/Main.scala
        during phase: globalPhase=<no phase>, enteringPhase=parser
     library version: version 2.12.21
    compiler version: version 2.12.21
  reconstructed args: -classpath C:\Users\AlumnoM_AI\Desktop\torneo-twenty-one\.bloop\torneo-twenty-one\bloop-bsp-clients-classes\classes-Metals-K5p93eXBTlydqd5s6zHB1w==;C:\Users\AlumnoM_AI\AppData\Local\bloop\cache\semanticdb\com.sourcegraph.semanticdb-javac.0.12.3\semanticdb-javac-0.12.3.jar;C:\Users\AlumnoM_AI\.sbt\boot\scala-2.12.21\lib\scala-library.jar -Xplugin-require:semanticdb -Yrangepos -Ymacro-expand:discard -Ycache-plugin-class-loader:last-modified -Ypresentation-any-thread

  last tree to typer: Ident(puntos)
       tree position: line 79 of file:///C:/Users/AlumnoM_AI/Desktop/torneo-twenty-one/src/main/scala/Main.scala
            tree tpe: <error>
              symbol: value puntos
   symbol definition: puntos: <error> (a TermSymbol)
      symbol package: <empty>
       symbol owners: value puntos -> value $anonfun -> value <local Main> -> object Main
           call site: <none> in <none>

== Source file context for tree position ==

    76     }
    77     println("Foreach")
    78     _CURSOR_punt.Foreach{puntos =>
    79         println(s"La puntuacion es de $puntos")
    80     }
    81 }
    82  (full report at: "C:\Users\AlumnoM_AI\Desktop\torneo-twenty-one\.metals\.reports\metals-full\2026-09-17\r_compiler-error_(torneo-twenty-one)_10-48-58-751.md")
sept 17, 2026 10:48:58 A. M. scala.meta.internal.pc.CompilerAccess retryWithCleanCompiler
INFO: compiler crashed due to an error in the Scala compiler, retrying with new compiler instance.
2026.09.17 10:48:58 INFO  Created report: Optional[file:///C:/Users/AlumnoM_AI/Desktop/torneo-twenty-one/src/main/scala/Main.scala]
2026.09.17 10:48:58 INFO  scala.reflect.internal.FatalError: 
  ThisType(value <local Main>) for sym which is not a class
     while compiling: file:///C:/Users/AlumnoM_AI/Desktop/torneo-twenty-one/src/main/scala/Main.scala
        during phase: globalPhase=<no phase>, enteringPhase=parser
     library version: version 2.12.21
    compiler version: version 2.12.21
  reconstructed args: -classpath C:\Users\AlumnoM_AI\Desktop\torneo-twenty-one\.bloop\torneo-twenty-one\bloop-bsp-clients-classes\classes-Metals-K5p93eXBTlydqd5s6zHB1w==;C:\Users\AlumnoM_AI\AppData\Local\bloop\cache\semanticdb\com.sourcegraph.semanticdb-javac.0.12.3\semanticdb-javac-0.12.3.jar;C:\Users\AlumnoM_AI\.sbt\boot\scala-2.12.21\lib\scala-library.jar -Xplugin-require:semanticdb -Yrangepos -Ymacro-expand:discard -Ycache-plugin-class-loader:last-modified -Ypresentation-any-thread

  last tree to typer: Ident(puntos)
       tree position: line 79 of file:///C:/Users/AlumnoM_AI/Desktop/torneo-twenty-one/src/main/scala/Main.scala
            tree tpe: <error>
              symbol: value puntos
   symbol definition: puntos: <error> (a TermSymbol)
      symbol package: <empty>
       symbol owners: value puntos -> value $anonfun -> value <local Main> -> object Main
           call site: <none> in <none>

== Source file context for tree position ==

    76     }
    77     println("Foreach")
    78     _CURSOR_punt.Foreach{puntos =>
    79         println(s"La puntuacion es de $puntos")
    80     }
    81 }
    82  (full report at: "C:\Users\AlumnoM_AI\Desktop\torneo-twenty-one\.metals\.reports\metals-full\2026-09-17\r_compiler-error_(torneo-twenty-one)_10-48-58-855.md")
sept 17, 2026 10:48:58 A. M. scala.meta.internal.pc.CompilerAccess retryWithCleanCompiler
INFO: compiler crashed due to an error in the Scala compiler, retrying with new compiler instance.
2026.09.17 10:48:58 INFO  Created report: Optional[file:///C:/Users/AlumnoM_AI/Desktop/torneo-twenty-one/src/main/scala/Main.scala]
2026.09.17 10:48:58 INFO  scala.reflect.internal.FatalError: 
  ThisType(value <local Main>) for sym which is not a class
     while compiling: file:///C:/Users/AlumnoM_AI/Desktop/torneo-twenty-one/src/main/scala/Main.scala
        during phase: globalPhase=<no phase>, enteringPhase=parser
     library version: version 2.12.21
    compiler version: version 2.12.21
  reconstructed args: -classpath C:\Users\AlumnoM_AI\Desktop\torneo-twenty-one\.bloop\torneo-twenty-one\bloop-bsp-clients-classes\classes-Metals-K5p93eXBTlydqd5s6zHB1w==;C:\Users\AlumnoM_AI\AppData\Local\bloop\cache\semanticdb\com.sourcegraph.semanticdb-javac.0.12.3\semanticdb-javac-0.12.3.jar;C:\Users\AlumnoM_AI\.sbt\boot\scala-2.12.21\lib\scala-library.jar -Xplugin-require:semanticdb -Yrangepos -Ymacro-expand:discard -Ycache-plugin-class-loader:last-modified -Ypresentation-any-thread

  last tree to typer: Ident(puntos)
       tree position: line 79 of file:///C:/Users/AlumnoM_AI/Desktop/torneo-twenty-one/src/main/scala/Main.scala
            tree tpe: <error>
              symbol: value puntos
   symbol definition: puntos: <error> (a TermSymbol)
      symbol package: <empty>
       symbol owners: value puntos -> value $anonfun -> value <local Main> -> object Main
           call site: <none> in <none>

== Source file context for tree position ==

    76     }
    77     println("Foreach")
    78     _CURSOR_punt.Foreach{puntos =>
    79         println(s"La puntuacion es de $puntos")
    80     }
    81 }
    82  (full report at: "C:\Users\AlumnoM_AI\Desktop\torneo-twenty-one\.metals\.reports\metals-full\2026-09-17\r_compiler-error_(torneo-twenty-one)_10-48-58-967.md")
sept 17, 2026 10:48:59 A. M. scala.meta.internal.pc.CompilerAccess retryWithCleanCompiler
INFO: compiler crashed due to an error in the Scala compiler, retrying with new compiler instance.
2026.09.17 10:48:58 INFO  Created report: Optional[file:///C:/Users/AlumnoM_AI/Desktop/torneo-twenty-one/src/main/scala/Main.scala]
2026.09.17 10:48:58 INFO  scala.reflect.internal.FatalError: 
  ThisType(value <local Main>) for sym which is not a class
     while compiling: file:///C:/Users/AlumnoM_AI/Desktop/torneo-twenty-one/src/main/scala/Main.scala
        during phase: globalPhase=<no phase>, enteringPhase=parser
     library version: version 2.12.21
    compiler version: version 2.12.21
  reconstructed args: -classpath C:\Users\AlumnoM_AI\Desktop\torneo-twenty-one\.bloop\torneo-twenty-one\bloop-bsp-clients-classes\classes-Metals-K5p93eXBTlydqd5s6zHB1w==;C:\Users\AlumnoM_AI\AppData\Local\bloop\cache\semanticdb\com.sourcegraph.semanticdb-javac.0.12.3\semanticdb-javac-0.12.3.jar;C:\Users\AlumnoM_AI\.sbt\boot\scala-2.12.21\lib\scala-library.jar -Xplugin-require:semanticdb -Yrangepos -Ymacro-expand:discard -Ycache-plugin-class-loader:last-modified -Ypresentation-any-thread

  last tree to typer: Ident(puntos)
       tree position: line 79 of file:///C:/Users/AlumnoM_AI/Desktop/torneo-twenty-one/src/main/scala/Main.scala
            tree tpe: <error>
              symbol: value puntos
   symbol definition: puntos: <error> (a TermSymbol)
      symbol package: <empty>
       symbol owners: value puntos -> value $anonfun -> value <local Main> -> object Main
           call site: <none> in <none>

== Source file context for tree position ==

    76     }
    77     println("Foreach")
    78     _CURSOR_punt.Foreach{puntos =>
    79         println(s"La puntuacion es de $puntos")
    80     }
    81 }
    82  (full report at: "C:\Users\AlumnoM_AI\Desktop\torneo-twenty-one\.metals\.reports\metals-full\2026-09-17\r_compiler-error_(torneo-twenty-one)_10-48-59-451.md")
sept 17, 2026 10:49:00 A. M. scala.meta.internal.pc.CompilerAccess retryWithCleanCompiler
INFO: compiler crashed due to an error in the Scala compiler, retrying with new compiler instance.
2026.09.17 10:49:00 INFO  Created report: Optional[file:///C:/Users/AlumnoM_AI/Desktop/torneo-twenty-one/src/main/scala/Main.scala]
2026.09.17 10:49:00 INFO  scala.reflect.internal.FatalError: 
  ThisType(value <local Main>) for sym which is not a class
     while compiling: file:///C:/Users/AlumnoM_AI/Desktop/torneo-twenty-one/src/main/scala/Main.scala
        during phase: globalPhase=<no phase>, enteringPhase=parser
     library version: version 2.12.21
    compiler version: version 2.12.21
  reconstructed args: -classpath C:\Users\AlumnoM_AI\Desktop\torneo-twenty-one\.bloop\torneo-twenty-one\bloop-bsp-clients-classes\classes-Metals-K5p93eXBTlydqd5s6zHB1w==;C:\Users\AlumnoM_AI\AppData\Local\bloop\cache\semanticdb\com.sourcegraph.semanticdb-javac.0.12.3\semanticdb-javac-0.12.3.jar;C:\Users\AlumnoM_AI\.sbt\boot\scala-2.12.21\lib\scala-library.jar -Xplugin-require:semanticdb -Yrangepos -Ymacro-expand:discard -Ycache-plugin-class-loader:last-modified -Ypresentation-any-thread

  last tree to typer: Ident(puntos)
       tree position: line 79 of file:///C:/Users/AlumnoM_AI/Desktop/torneo-twenty-one/src/main/scala/Main.scala
            tree tpe: <error>
              symbol: value puntos
   symbol definition: puntos: <error> (a TermSymbol)
      symbol package: <empty>
       symbol owners: value puntos -> value $anonfun -> value <local Main> -> object Main
           call site: <none> in <none>

== Source file context for tree position ==

    76     }
    77     println("Foreach")
    78     _CURSOR_punt.Foreach{puntos =>
    79         println(s"La puntuacion es de $puntos")
    80     }
    81 }
    82  (full report at: "C:\Users\AlumnoM_AI\Desktop\torneo-twenty-one\.metals\.reports\metals-full\2026-09-17\r_compiler-error_(torneo-twenty-one)_10-49-00-276.md")
sept 17, 2026 10:49:01 A. M. scala.meta.internal.pc.CompilerAccess retryWithCleanCompiler
INFO: compiler crashed due to an error in the Scala compiler, retrying with new compiler instance.
2026.09.17 10:49:00 INFO  Created report: Optional[file:///C:/Users/AlumnoM_AI/Desktop/torneo-twenty-one/src/main/scala/Main.scala]
2026.09.17 10:49:00 INFO  scala.reflect.internal.FatalError: 
  ThisType(value <local Main>) for sym which is not a class
     while compiling: file:///C:/Users/AlumnoM_AI/Desktop/torneo-twenty-one/src/main/scala/Main.scala
        during phase: globalPhase=<no phase>, enteringPhase=parser
     library version: version 2.12.21
    compiler version: version 2.12.21
  reconstructed args: -classpath C:\Users\AlumnoM_AI\Desktop\torneo-twenty-one\.bloop\torneo-twenty-one\bloop-bsp-clients-classes\classes-Metals-K5p93eXBTlydqd5s6zHB1w==;C:\Users\AlumnoM_AI\AppData\Local\bloop\cache\semanticdb\com.sourcegraph.semanticdb-javac.0.12.3\semanticdb-javac-0.12.3.jar;C:\Users\AlumnoM_AI\.sbt\boot\scala-2.12.21\lib\scala-library.jar -Xplugin-require:semanticdb -Yrangepos -Ymacro-expand:discard -Ycache-plugin-class-loader:last-modified -Ypresentation-any-thread

  last tree to typer: Ident(puntos)
       tree position: line 79 of file:///C:/Users/AlumnoM_AI/Desktop/torneo-twenty-one/src/main/scala/Main.scala
            tree tpe: <error>
              symbol: value puntos
   symbol definition: puntos: <error> (a TermSymbol)
      symbol package: <empty>
       symbol owners: value puntos -> value $anonfun -> value <local Main> -> object Main
           call site: <none> in <none>

== Source file context for tree position ==

    76     }
    77     println("Foreach")
    78     _CURSOR_punt.Foreach{puntos =>
    79         println(s"La puntuacion es de $puntos")
    80     }
    81 }
    82  (full report at: "C:\Users\AlumnoM_AI\Desktop\torneo-twenty-one\.metals\.reports\metals-full\2026-09-17\r_compiler-error_(torneo-twenty-one)_10-49-01-082.md")
sept 17, 2026 10:49:01 A. M. scala.meta.internal.pc.CompilerAccess retryWithCleanCompiler
INFO: compiler crashed due to an error in the Scala compiler, retrying with new compiler instance.
sept 17, 2026 10:49:01 A. M. scala.meta.internal.pc.CompilerAccess retryWithCleanCompiler
INFO: compiler crashed due to an error in the Scala compiler, retrying with new compiler instance.
2026.09.17 10:49:00 INFO  Created report: Optional[file:///C:/Users/AlumnoM_AI/Desktop/torneo-twenty-one/src/main/scala/Main.scala]
2026.09.17 10:49:00 INFO  scala.reflect.internal.FatalError: 
  ThisType(value <local Main>) for sym which is not a class
     while compiling: file:///C:/Users/AlumnoM_AI/Desktop/torneo-twenty-one/src/main/scala/Main.scala
        during phase: globalPhase=<no phase>, enteringPhase=parser
     library version: version 2.12.21
    compiler version: version 2.12.21
  reconstructed args: -classpath C:\Users\AlumnoM_AI\Desktop\torneo-twenty-one\.bloop\torneo-twenty-one\bloop-bsp-clients-classes\classes-Metals-K5p93eXBTlydqd5s6zHB1w==;C:\Users\AlumnoM_AI\AppData\Local\bloop\cache\semanticdb\com.sourcegraph.semanticdb-javac.0.12.3\semanticdb-javac-0.12.3.jar;C:\Users\AlumnoM_AI\.sbt\boot\scala-2.12.21\lib\scala-library.jar -Xplugin-require:semanticdb -Yrangepos -Ymacro-expand:discard -Ycache-plugin-class-loader:last-modified -Ypresentation-any-thread

  last tree to typer: Ident(puntos)
       tree position: line 79 of file:///C:/Users/AlumnoM_AI/Desktop/torneo-twenty-one/src/main/scala/Main.scala
            tree tpe: <error>
              symbol: value puntos
   symbol definition: puntos: <error> (a TermSymbol)
      symbol package: <empty>
       symbol owners: value puntos -> value $anonfun -> value <local Main> -> object Main
           call site: <none> in <none>

== Source file context for tree position ==

    76     }
    77     println("Foreach")
    78     _CURSOR_punt.Foreach{puntos =>
    79         println(s"La puntuacion es de $puntos")
    80     }
    81 }
    82  (full report at: "C:\Users\AlumnoM_AI\Desktop\torneo-twenty-one\.metals\.reports\metals-full\2026-09-17\r_compiler-error_(torneo-twenty-one)_10-49-01-238.md")
sept 17, 2026 10:49:01 A. M. scala.meta.internal.pc.CompilerAccess retryWithCleanCompiler
INFO: compiler crashed due to an error in the Scala compiler, retrying with new compiler instance.
2026.09.17 10:49:01 INFO  Created report: Optional[file:///C:/Users/AlumnoM_AI/Desktop/torneo-twenty-one/src/main/scala/Main.scala]
2026.09.17 10:49:01 INFO  scala.reflect.internal.FatalError: 
  ThisType(value <local Main>) for sym which is not a class
     while compiling: file:///C:/Users/AlumnoM_AI/Desktop/torneo-twenty-one/src/main/scala/Main.scala
        during phase: globalPhase=<no phase>, enteringPhase=parser
     library version: version 2.12.21
    compiler version: version 2.12.21
  reconstructed args: -classpath C:\Users\AlumnoM_AI\Desktop\torneo-twenty-one\.bloop\torneo-twenty-one\bloop-bsp-clients-classes\classes-Metals-K5p93eXBTlydqd5s6zHB1w==;C:\Users\AlumnoM_AI\AppData\Local\bloop\cache\semanticdb\com.sourcegraph.semanticdb-javac.0.12.3\semanticdb-javac-0.12.3.jar;C:\Users\AlumnoM_AI\.sbt\boot\scala-2.12.21\lib\scala-library.jar -Xplugin-require:semanticdb -Yrangepos -Ymacro-expand:discard -Ycache-plugin-class-loader:last-modified -Ypresentation-any-thread

  last tree to typer: Ident(puntos)
       tree position: line 79 of file:///C:/Users/AlumnoM_AI/Desktop/torneo-twenty-one/src/main/scala/Main.scala
            tree tpe: <error>
              symbol: value puntos
   symbol definition: puntos: <error> (a TermSymbol)
      symbol package: <empty>
       symbol owners: value puntos -> value $anonfun -> value <local Main> -> object Main
           call site: <none> in <none>

== Source file context for tree position ==

    76     }
    77     println("Foreach")
    78     _CURSOR_punt.Foreach{puntos =>
    79         println(s"La puntuacion es de $puntos")
    80     }
    81 }
    82  (full report at: "C:\Users\AlumnoM_AI\Desktop\torneo-twenty-one\.metals\.reports\metals-full\2026-09-17\r_compiler-error_(torneo-twenty-one)_10-49-01-340.md")
sept 17, 2026 10:49:04 A. M. scala.meta.internal.pc.CompilerAccess retryWithCleanCompiler
INFO: compiler crashed due to an error in the Scala compiler, retrying with new compiler instance.
2026.09.17 10:49:04 INFO  Created report: Optional[file:///C:/Users/AlumnoM_AI/Desktop/torneo-twenty-one/src/main/scala/Main.scala]
2026.09.17 10:49:04 INFO  scala.reflect.internal.FatalError: 
  ThisType(value <local Main>) for sym which is not a class
     while compiling: file:///C:/Users/AlumnoM_AI/Desktop/torneo-twenty-one/src/main/scala/Main.scala
        during phase: globalPhase=<no phase>, enteringPhase=parser
     library version: version 2.12.21
    compiler version: version 2.12.21
  reconstructed args: -classpath C:\Users\AlumnoM_AI\Desktop\torneo-twenty-one\.bloop\torneo-twenty-one\bloop-bsp-clients-classes\classes-Metals-K5p93eXBTlydqd5s6zHB1w==;C:\Users\AlumnoM_AI\AppData\Local\bloop\cache\semanticdb\com.sourcegraph.semanticdb-javac.0.12.3\semanticdb-javac-0.12.3.jar;C:\Users\AlumnoM_AI\.sbt\boot\scala-2.12.21\lib\scala-library.jar -Xplugin-require:semanticdb -Yrangepos -Ymacro-expand:discard -Ycache-plugin-class-loader:last-modified -Ypresentation-any-thread

  last tree to typer: Ident(puntos)
       tree position: line 79 of file:///C:/Users/AlumnoM_AI/Desktop/torneo-twenty-one/src/main/scala/Main.scala
            tree tpe: <error>
              symbol: value puntos
   symbol definition: puntos: <error> (a TermSymbol)
      symbol package: <empty>
       symbol owners: value puntos -> value $anonfun -> value <local Main> -> object Main
           call site: <none> in <none>

== Source file context for tree position ==

    76     }
    77     println("Foreach")
    78     _CURSOR_punt.Foreach{puntos =>
    79         println(s"La puntuacion es de $puntos")
    80     }
    81 }
    82  (full report at: "C:\Users\AlumnoM_AI\Desktop\torneo-twenty-one\.metals\.reports\metals-full\2026-09-17\r_compiler-error_(torneo-twenty-one)_10-49-04-811.md")
sept 17, 2026 10:49:04 A. M. scala.meta.internal.pc.CompilerAccess retryWithCleanCompiler
INFO: compiler crashed due to an error in the Scala compiler, retrying with new compiler instance.
2026.09.17 10:49:04 INFO  Created report: Optional[file:///C:/Users/AlumnoM_AI/Desktop/torneo-twenty-one/src/main/scala/Main.scala]
2026.09.17 10:49:04 INFO  scala.reflect.internal.FatalError: 
  ThisType(value <local Main>) for sym which is not a class
     while compiling: file:///C:/Users/AlumnoM_AI/Desktop/torneo-twenty-one/src/main/scala/Main.scala
        during phase: globalPhase=<no phase>, enteringPhase=parser
     library version: version 2.12.21
    compiler version: version 2.12.21
  reconstructed args: -classpath C:\Users\AlumnoM_AI\Desktop\torneo-twenty-one\.bloop\torneo-twenty-one\bloop-bsp-clients-classes\classes-Metals-K5p93eXBTlydqd5s6zHB1w==;C:\Users\AlumnoM_AI\AppData\Local\bloop\cache\semanticdb\com.sourcegraph.semanticdb-javac.0.12.3\semanticdb-javac-0.12.3.jar;C:\Users\AlumnoM_AI\.sbt\boot\scala-2.12.21\lib\scala-library.jar -Xplugin-require:semanticdb -Yrangepos -Ymacro-expand:discard -Ycache-plugin-class-loader:last-modified -Ypresentation-any-thread

  last tree to typer: Ident(puntos)
       tree position: line 79 of file:///C:/Users/AlumnoM_AI/Desktop/torneo-twenty-one/src/main/scala/Main.scala
            tree tpe: <error>
              symbol: value puntos
   symbol definition: puntos: <error> (a TermSymbol)
      symbol package: <empty>
       symbol owners: value puntos -> value $anonfun -> value <local Main> -> object Main
           call site: <none> in <none>

== Source file context for tree position ==

    76     }
    77     println("Foreach")
    78     _CURSOR_punt.Foreach{puntos =>
    79         println(s"La puntuacion es de $puntos")
    80     }
    81 }
    82  (full report at: "C:\Users\AlumnoM_AI\Desktop\torneo-twenty-one\.metals\.reports\metals-full\2026-09-17\r_compiler-error_(torneo-twenty-one)_10-49-04-922.md")
sept 17, 2026 10:49:04 A. M. scala.meta.internal.pc.CompilerAccess retryWithCleanCompiler
INFO: compiler crashed due to an error in the Scala compiler, retrying with new compiler instance.
2026.09.17 10:49:04 INFO  Created report: Optional[file:///C:/Users/AlumnoM_AI/Desktop/torneo-twenty-one/src/main/scala/Main.scala]
2026.09.17 10:49:04 INFO  scala.reflect.internal.FatalError: 
  ThisType(value <local Main>) for sym which is not a class
     while compiling: file:///C:/Users/AlumnoM_AI/Desktop/torneo-twenty-one/src/main/scala/Main.scala
        during phase: globalPhase=<no phase>, enteringPhase=parser
     library version: version 2.12.21
    compiler version: version 2.12.21
  reconstructed args: -classpath C:\Users\AlumnoM_AI\Desktop\torneo-twenty-one\.bloop\torneo-twenty-one\bloop-bsp-clients-classes\classes-Metals-K5p93eXBTlydqd5s6zHB1w==;C:\Users\AlumnoM_AI\AppData\Local\bloop\cache\semanticdb\com.sourcegraph.semanticdb-javac.0.12.3\semanticdb-javac-0.12.3.jar;C:\Users\AlumnoM_AI\.sbt\boot\scala-2.12.21\lib\scala-library.jar -Xplugin-require:semanticdb -Yrangepos -Ymacro-expand:discard -Ycache-plugin-class-loader:last-modified -Ypresentation-any-thread

  last tree to typer: Ident(puntos)
       tree position: line 79 of file:///C:/Users/AlumnoM_AI/Desktop/torneo-twenty-one/src/main/scala/Main.scala
            tree tpe: <error>
              symbol: value puntos
   symbol definition: puntos: <error> (a TermSymbol)
      symbol package: <empty>
       symbol owners: value puntos -> value $anonfun -> value <local Main> -> object Main
           call site: <none> in <none>

== Source file context for tree position ==

    76     }
    77     println("Foreach")
    78     _CURSOR_punt.Foreach{puntos =>
    79         println(s"La puntuacion es de $puntos")
    80     }
    81 }
    82  (full report at: "C:\Users\AlumnoM_AI\Desktop\torneo-twenty-one\.metals\.reports\metals-full\2026-09-17\r_compiler-error_(torneo-twenty-one)_10-49-05-030.md")
sept 17, 2026 10:49:05 A. M. scala.meta.internal.pc.CompilerAccess retryWithCleanCompiler
INFO: compiler crashed due to an error in the Scala compiler, retrying with new compiler instance.
2026.09.17 10:49:04 INFO  Created report: Optional[file:///C:/Users/AlumnoM_AI/Desktop/torneo-twenty-one/src/main/scala/Main.scala]
2026.09.17 10:49:04 INFO  scala.reflect.internal.FatalError: 
  ThisType(value <local Main>) for sym which is not a class
     while compiling: file:///C:/Users/AlumnoM_AI/Desktop/torneo-twenty-one/src/main/scala/Main.scala
        during phase: globalPhase=<no phase>, enteringPhase=parser
     library version: version 2.12.21
    compiler version: version 2.12.21
  reconstructed args: -classpath C:\Users\AlumnoM_AI\Desktop\torneo-twenty-one\.bloop\torneo-twenty-one\bloop-bsp-clients-classes\classes-Metals-K5p93eXBTlydqd5s6zHB1w==;C:\Users\AlumnoM_AI\AppData\Local\bloop\cache\semanticdb\com.sourcegraph.semanticdb-javac.0.12.3\semanticdb-javac-0.12.3.jar;C:\Users\AlumnoM_AI\.sbt\boot\scala-2.12.21\lib\scala-library.jar -Xplugin-require:semanticdb -Yrangepos -Ymacro-expand:discard -Ycache-plugin-class-loader:last-modified -Ypresentation-any-thread

  last tree to typer: Ident(puntos)
       tree position: line 79 of file:///C:/Users/AlumnoM_AI/Desktop/torneo-twenty-one/src/main/scala/Main.scala
            tree tpe: <error>
              symbol: value puntos
   symbol definition: puntos: <error> (a TermSymbol)
      symbol package: <empty>
       symbol owners: value puntos -> value $anonfun -> value <local Main> -> object Main
           call site: <none> in <none>

== Source file context for tree position ==

    76     }
    77     println("Foreach")
    78     _CURSOR_punt.Foreach{puntos =>
    79         println(s"La puntuacion es de $puntos")
    80     }
    81 }
    82  (full report at: "C:\Users\AlumnoM_AI\Desktop\torneo-twenty-one\.metals\.reports\metals-full\2026-09-17\r_compiler-error_(torneo-twenty-one)_10-49-05-141.md")
sept 17, 2026 10:49:07 A. M. scala.meta.internal.pc.CompilerAccess retryWithCleanCompiler
INFO: compiler crashed due to an error in the Scala compiler, retrying with new compiler instance.
2026.09.17 10:49:07 INFO  Created report: Optional[file:///C:/Users/AlumnoM_AI/Desktop/torneo-twenty-one/src/main/scala/Main.scala]
2026.09.17 10:49:07 INFO  scala.reflect.internal.FatalError: 
  ThisType(value <local Main>) for sym which is not a class
     while compiling: file:///C:/Users/AlumnoM_AI/Desktop/torneo-twenty-one/src/main/scala/Main.scala
        during phase: globalPhase=<no phase>, enteringPhase=parser
     library version: version 2.12.21
    compiler version: version 2.12.21
  reconstructed args: -classpath C:\Users\AlumnoM_AI\Desktop\torneo-twenty-one\.bloop\torneo-twenty-one\bloop-bsp-clients-classes\classes-Metals-K5p93eXBTlydqd5s6zHB1w==;C:\Users\AlumnoM_AI\AppData\Local\bloop\cache\semanticdb\com.sourcegraph.semanticdb-javac.0.12.3\semanticdb-javac-0.12.3.jar;C:\Users\AlumnoM_AI\.sbt\boot\scala-2.12.21\lib\scala-library.jar -Xplugin-require:semanticdb -Yrangepos -Ymacro-expand:discard -Ycache-plugin-class-loader:last-modified -Ypresentation-any-thread

  last tree to typer: Ident(puntos)
       tree position: line 79 of file:///C:/Users/AlumnoM_AI/Desktop/torneo-twenty-one/src/main/scala/Main.scala
            tree tpe: <error>
              symbol: value puntos
   symbol definition: puntos: <error> (a TermSymbol)
      symbol package: <empty>
       symbol owners: value puntos -> value $anonfun -> value <local Main> -> object Main
           call site: <none> in <none>

== Source file context for tree position ==

    76     }
    77     println("Foreach")
    78     _CURSOR_punt.Foreach{puntos =>
    79         println(s"La puntuacion es de $puntos")
    80     }
    81 }
    82  (full report at: "C:\Users\AlumnoM_AI\Desktop\torneo-twenty-one\.metals\.reports\metals-full\2026-09-17\r_compiler-error_(torneo-twenty-one)_10-49-07-881.md")
sept 17, 2026 10:49:08 A. M. scala.meta.internal.pc.CompilerAccess retryWithCleanCompiler
INFO: compiler crashed due to an error in the Scala compiler, retrying with new compiler instance.
2026.09.17 10:49:07 INFO  Created report: Optional[file:///C:/Users/AlumnoM_AI/Desktop/torneo-twenty-one/src/main/scala/Main.scala]
2026.09.17 10:49:07 INFO  scala.reflect.internal.FatalError: 
  ThisType(value <local Main>) for sym which is not a class
     while compiling: file:///C:/Users/AlumnoM_AI/Desktop/torneo-twenty-one/src/main/scala/Main.scala
        during phase: globalPhase=<no phase>, enteringPhase=parser
     library version: version 2.12.21
    compiler version: version 2.12.21
  reconstructed args: -classpath C:\Users\AlumnoM_AI\Desktop\torneo-twenty-one\.bloop\torneo-twenty-one\bloop-bsp-clients-classes\classes-Metals-K5p93eXBTlydqd5s6zHB1w==;C:\Users\AlumnoM_AI\AppData\Local\bloop\cache\semanticdb\com.sourcegraph.semanticdb-javac.0.12.3\semanticdb-javac-0.12.3.jar;C:\Users\AlumnoM_AI\.sbt\boot\scala-2.12.21\lib\scala-library.jar -Xplugin-require:semanticdb -Yrangepos -Ymacro-expand:discard -Ycache-plugin-class-loader:last-modified -Ypresentation-any-thread

  last tree to typer: Ident(puntos)
       tree position: line 79 of file:///C:/Users/AlumnoM_AI/Desktop/torneo-twenty-one/src/main/scala/Main.scala
            tree tpe: <error>
              symbol: value puntos
   symbol definition: puntos: <error> (a TermSymbol)
      symbol package: <empty>
       symbol owners: value puntos -> value $anonfun -> value <local Main> -> object Main
           call site: <none> in <none>

== Source file context for tree position ==

    76     }
    77     println("Foreach")
    78     _CURSOR_punt.Foreach{puntos =>
    79         println(s"La puntuacion es de $puntos")
    80     }
    81 }
    82  (full report at: "C:\Users\AlumnoM_AI\Desktop\torneo-twenty-one\.metals\.reports\metals-full\2026-09-17\r_compiler-error_(torneo-twenty-one)_10-49-08-071.md")
sept 17, 2026 10:49:08 A. M. scala.meta.internal.pc.CompilerAccess retryWithCleanCompiler
INFO: compiler crashed due to an error in the Scala compiler, retrying with new compiler instance.
2026.09.17 10:49:08 INFO  Created report: Optional[file:///C:/Users/AlumnoM_AI/Desktop/torneo-twenty-one/src/main/scala/Main.scala]
2026.09.17 10:49:08 INFO  scala.reflect.internal.FatalError: 
  ThisType(value <local Main>) for sym which is not a class
     while compiling: file:///C:/Users/AlumnoM_AI/Desktop/torneo-twenty-one/src/main/scala/Main.scala
        during phase: globalPhase=<no phase>, enteringPhase=parser
     library version: version 2.12.21
    compiler version: version 2.12.21
  reconstructed args: -classpath C:\Users\AlumnoM_AI\Desktop\torneo-twenty-one\.bloop\torneo-twenty-one\bloop-bsp-clients-classes\classes-Metals-K5p93eXBTlydqd5s6zHB1w==;C:\Users\AlumnoM_AI\AppData\Local\bloop\cache\semanticdb\com.sourcegraph.semanticdb-javac.0.12.3\semanticdb-javac-0.12.3.jar;C:\Users\AlumnoM_AI\.sbt\boot\scala-2.12.21\lib\scala-library.jar -Xplugin-require:semanticdb -Yrangepos -Ymacro-expand:discard -Ycache-plugin-class-loader:last-modified -Ypresentation-any-thread

  last tree to typer: Ident(puntos)
       tree position: line 79 of file:///C:/Users/AlumnoM_AI/Desktop/torneo-twenty-one/src/main/scala/Main.scala
            tree tpe: <error>
              symbol: value puntos
   symbol definition: puntos: <error> (a TermSymbol)
      symbol package: <empty>
       symbol owners: value puntos -> value $anonfun -> value <local Main> -> object Main
           call site: <none> in <none>

== Source file context for tree position ==

    76     }
    77     println("Foreach")
    78     _CURSOR_punt.Foreach{puntos =>
    79         println(s"La puntuacion es de $puntos")
    80     }
    81 }
    82  (full report at: "C:\Users\AlumnoM_AI\Desktop\torneo-twenty-one\.metals\.reports\metals-full\2026-09-17\r_compiler-error_(torneo-twenty-one)_10-49-08-932.md")
sept 17, 2026 10:49:08 A. M. scala.meta.internal.pc.CompilerAccess retryWithCleanCompiler
INFO: compiler crashed due to an error in the Scala compiler, retrying with new compiler instance.
2026.09.17 10:49:08 INFO  Created report: Optional[file:///C:/Users/AlumnoM_AI/Desktop/torneo-twenty-one/src/main/scala/Main.scala]
2026.09.17 10:49:08 INFO  scala.reflect.internal.FatalError: 
  ThisType(value <local Main>) for sym which is not a class
     while compiling: file:///C:/Users/AlumnoM_AI/Desktop/torneo-twenty-one/src/main/scala/Main.scala
        during phase: globalPhase=<no phase>, enteringPhase=parser
     library version: version 2.12.21
    compiler version: version 2.12.21
  reconstructed args: -classpath C:\Users\AlumnoM_AI\Desktop\torneo-twenty-one\.bloop\torneo-twenty-one\bloop-bsp-clients-classes\classes-Metals-K5p93eXBTlydqd5s6zHB1w==;C:\Users\AlumnoM_AI\AppData\Local\bloop\cache\semanticdb\com.sourcegraph.semanticdb-javac.0.12.3\semanticdb-javac-0.12.3.jar;C:\Users\AlumnoM_AI\.sbt\boot\scala-2.12.21\lib\scala-library.jar -Xplugin-require:semanticdb -Yrangepos -Ymacro-expand:discard -Ycache-plugin-class-loader:last-modified -Ypresentation-any-thread

  last tree to typer: Ident(puntos)
       tree position: line 79 of file:///C:/Users/AlumnoM_AI/Desktop/torneo-twenty-one/src/main/scala/Main.scala
            tree tpe: <error>
              symbol: value puntos
   symbol definition: puntos: <error> (a TermSymbol)
      symbol package: <empty>
       symbol owners: value puntos -> value $anonfun -> value <local Main> -> object Main
           call site: <none> in <none>

== Source file context for tree position ==

    76     }
    77     println("Foreach")
    78     _CURSOR_punt.Foreach{puntos =>
    79         println(s"La puntuacion es de $puntos")
    80     }
    81 }
    82  (full report at: "C:\Users\AlumnoM_AI\Desktop\torneo-twenty-one\.metals\.reports\metals-full\2026-09-17\r_compiler-error_(torneo-twenty-one)_10-49-09-049.md")
sept 17, 2026 10:49:09 A. M. scala.meta.internal.pc.CompilerAccess retryWithCleanCompiler
INFO: compiler crashed due to an error in the Scala compiler, retrying with new compiler instance.
2026.09.17 10:49:08 INFO  Created report: Optional[file:///C:/Users/AlumnoM_AI/Desktop/torneo-twenty-one/src/main/scala/Main.scala]
2026.09.17 10:49:08 INFO  scala.reflect.internal.FatalError: 
  ThisType(value <local Main>) for sym which is not a class
     while compiling: file:///C:/Users/AlumnoM_AI/Desktop/torneo-twenty-one/src/main/scala/Main.scala
        during phase: globalPhase=<no phase>, enteringPhase=parser
     library version: version 2.12.21
    compiler version: version 2.12.21
  reconstructed args: -classpath C:\Users\AlumnoM_AI\Desktop\torneo-twenty-one\.bloop\torneo-twenty-one\bloop-bsp-clients-classes\classes-Metals-K5p93eXBTlydqd5s6zHB1w==;C:\Users\AlumnoM_AI\AppData\Local\bloop\cache\semanticdb\com.sourcegraph.semanticdb-javac.0.12.3\semanticdb-javac-0.12.3.jar;C:\Users\AlumnoM_AI\.sbt\boot\scala-2.12.21\lib\scala-library.jar -Xplugin-require:semanticdb -Yrangepos -Ymacro-expand:discard -Ycache-plugin-class-loader:last-modified -Ypresentation-any-thread

  last tree to typer: Ident(puntos)
       tree position: line 79 of file:///C:/Users/AlumnoM_AI/Desktop/torneo-twenty-one/src/main/scala/Main.scala
            tree tpe: <error>
              symbol: value puntos
   symbol definition: puntos: <error> (a TermSymbol)
      symbol package: <empty>
       symbol owners: value puntos -> value $anonfun -> value <local Main> -> object Main
           call site: <none> in <none>

== Source file context for tree position ==

    76     }
    77     println("Foreach")
    78     _CURSOR_punt.Foreach{puntos =>
    79         println(s"La puntuacion es de $puntos")
    80     }
    81 }
    82  (full report at: "C:\Users\AlumnoM_AI\Desktop\torneo-twenty-one\.metals\.reports\metals-full\2026-09-17\r_compiler-error_(torneo-twenty-one)_10-49-09-158.md")
sept 17, 2026 10:51:25 A. M. scala.meta.internal.pc.CompilerAccess retryWithCleanCompiler
INFO: compiler crashed due to an error in the Scala compiler, retrying with new compiler instance.
2026.09.17 10:51:25 INFO  Created report: Optional[file:///C:/Users/AlumnoM_AI/Desktop/torneo-twenty-one/src/main/scala/Main.scala]
2026.09.17 10:51:25 INFO  scala.reflect.internal.FatalError: 
  ThisType(value <local Main>) for sym which is not a class
     while compiling: file:///C:/Users/AlumnoM_AI/Desktop/torneo-twenty-one/src/main/scala/Main.scala
        during phase: globalPhase=<no phase>, enteringPhase=parser
     library version: version 2.12.21
    compiler version: version 2.12.21
  reconstructed args: -classpath C:\Users\AlumnoM_AI\Desktop\torneo-twenty-one\.bloop\torneo-twenty-one\bloop-bsp-clients-classes\classes-Metals-K5p93eXBTlydqd5s6zHB1w==;C:\Users\AlumnoM_AI\AppData\Local\bloop\cache\semanticdb\com.sourcegraph.semanticdb-javac.0.12.3\semanticdb-javac-0.12.3.jar;C:\Users\AlumnoM_AI\.sbt\boot\scala-2.12.21\lib\scala-library.jar -Xplugin-require:semanticdb -Yrangepos -Ymacro-expand:discard -Ycache-plugin-class-loader:last-modified -Ypresentation-any-thread

  last tree to typer: Ident(puntos)
       tree position: line 79 of file:///C:/Users/AlumnoM_AI/Desktop/torneo-twenty-one/src/main/scala/Main.scala
            tree tpe: <error>
              symbol: value puntos
   symbol definition: puntos: <error> (a TermSymbol)
      symbol package: <empty>
       symbol owners: value puntos -> value $anonfun -> value <local Main> -> object Main
           call site: <none> in <none>

== Source file context for tree position ==

    76     }
    77     println("Foreach")
    78     _CURSOR_punt.Foreach{puntos =>
    79         println(s"La puntuacion es de $puntos")
    80     }
    81 }
    82  (full report at: "C:\Users\AlumnoM_AI\Desktop\torneo-twenty-one\.metals\.reports\metals-full\2026-09-17\r_compiler-error_(torneo-twenty-one)_10-51-25-239.md")
sept 17, 2026 10:51:25 A. M. org.eclipse.lsp4j.jsonrpc.RemoteEndpoint handleCancellation
WARNING: Unmatched cancel notification for request id 6815
sept 17, 2026 10:51:25 A. M. scala.meta.internal.pc.CompilerAccess retryWithCleanCompiler
INFO: compiler crashed due to an error in the Scala compiler, retrying with new compiler instance.
2026.09.17 10:51:25 INFO  Created report: Optional[file:///C:/Users/AlumnoM_AI/Desktop/torneo-twenty-one/src/main/scala/Main.scala]
2026.09.17 10:51:25 INFO  scala.reflect.internal.FatalError: 
  ThisType(value <local Main>) for sym which is not a class
     while compiling: file:///C:/Users/AlumnoM_AI/Desktop/torneo-twenty-one/src/main/scala/Main.scala
        during phase: globalPhase=<no phase>, enteringPhase=parser
     library version: version 2.12.21
    compiler version: version 2.12.21
  reconstructed args: -classpath C:\Users\AlumnoM_AI\Desktop\torneo-twenty-one\.bloop\torneo-twenty-one\bloop-bsp-clients-classes\classes-Metals-K5p93eXBTlydqd5s6zHB1w==;C:\Users\AlumnoM_AI\AppData\Local\bloop\cache\semanticdb\com.sourcegraph.semanticdb-javac.0.12.3\semanticdb-javac-0.12.3.jar;C:\Users\AlumnoM_AI\.sbt\boot\scala-2.12.21\lib\scala-library.jar -Xplugin-require:semanticdb -Yrangepos -Ymacro-expand:discard -Ycache-plugin-class-loader:last-modified -Ypresentation-any-thread

  last tree to typer: Ident(puntos)
       tree position: line 79 of file:///C:/Users/AlumnoM_AI/Desktop/torneo-twenty-one/src/main/scala/Main.scala
            tree tpe: <error>
              symbol: value puntos
   symbol definition: puntos: <error> (a TermSymbol)
      symbol package: <empty>
       symbol owners: value puntos -> value $anonfun -> value <local Main> -> object Main
           call site: <none> in <none>

== Source file context for tree position ==

    76     }
    77     println("Foreach")
    78     _CURSOR_punt.Foreach{puntos =>
    79         println(s"La puntuacion es de $puntos")
    80     }
    81 }
    82  (full report at: "C:\Users\AlumnoM_AI\Desktop\torneo-twenty-one\.metals\.reports\metals-full\2026-09-17\r_compiler-error_(torneo-twenty-one)_10-51-25-380.md")
sept 17, 2026 10:51:25 A. M. scala.meta.internal.pc.CompilerAccess retryWithCleanCompiler
INFO: compiler crashed due to an error in the Scala compiler, retrying with new compiler instance.
2026.09.17 10:51:25 INFO  Created report: Optional[file:///C:/Users/AlumnoM_AI/Desktop/torneo-twenty-one/src/main/scala/Main.scala]
2026.09.17 10:51:25 INFO  scala.reflect.internal.FatalError: 
  ThisType(value <local Main>) for sym which is not a class
     while compiling: file:///C:/Users/AlumnoM_AI/Desktop/torneo-twenty-one/src/main/scala/Main.scala
        during phase: globalPhase=<no phase>, enteringPhase=parser
     library version: version 2.12.21
    compiler version: version 2.12.21
  reconstructed args: -classpath C:\Users\AlumnoM_AI\Desktop\torneo-twenty-one\.bloop\torneo-twenty-one\bloop-bsp-clients-classes\classes-Metals-K5p93eXBTlydqd5s6zHB1w==;C:\Users\AlumnoM_AI\AppData\Local\bloop\cache\semanticdb\com.sourcegraph.semanticdb-javac.0.12.3\semanticdb-javac-0.12.3.jar;C:\Users\AlumnoM_AI\.sbt\boot\scala-2.12.21\lib\scala-library.jar -Xplugin-require:semanticdb -Yrangepos -Ymacro-expand:discard -Ycache-plugin-class-loader:last-modified -Ypresentation-any-thread

  last tree to typer: Ident(puntos)
       tree position: line 79 of file:///C:/Users/AlumnoM_AI/Desktop/torneo-twenty-one/src/main/scala/Main.scala
            tree tpe: <error>
              symbol: value puntos
   symbol definition: puntos: <error> (a TermSymbol)
      symbol package: <empty>
       symbol owners: value puntos -> value $anonfun -> value <local Main> -> object Main
           call site: <none> in <none>

== Source file context for tree position ==

    76     }
    77     println("Foreach")
    78     _CURSOR_punt.Foreach{puntos =>
    79         println(s"La puntuacion es de $puntos")
    80     }
    81 }
    82  (full report at: "C:\Users\AlumnoM_AI\Desktop\torneo-twenty-one\.metals\.reports\metals-full\2026-09-17\r_compiler-error_(torneo-twenty-one)_10-51-25-772.md")
sept 17, 2026 10:51:25 A. M. scala.meta.internal.pc.CompilerAccess retryWithCleanCompiler
INFO: compiler crashed due to an error in the Scala compiler, retrying with new compiler instance.
2026.09.17 10:51:25 INFO  Created report: Optional[file:///C:/Users/AlumnoM_AI/Desktop/torneo-twenty-one/src/main/scala/Main.scala]
2026.09.17 10:51:25 INFO  scala.reflect.internal.FatalError: 
  ThisType(value <local Main>) for sym which is not a class
     while compiling: file:///C:/Users/AlumnoM_AI/Desktop/torneo-twenty-one/src/main/scala/Main.scala
        during phase: globalPhase=<no phase>, enteringPhase=parser
     library version: version 2.12.21
    compiler version: version 2.12.21
  reconstructed args: -classpath C:\Users\AlumnoM_AI\Desktop\torneo-twenty-one\.bloop\torneo-twenty-one\bloop-bsp-clients-classes\classes-Metals-K5p93eXBTlydqd5s6zHB1w==;C:\Users\AlumnoM_AI\AppData\Local\bloop\cache\semanticdb\com.sourcegraph.semanticdb-javac.0.12.3\semanticdb-javac-0.12.3.jar;C:\Users\AlumnoM_AI\.sbt\boot\scala-2.12.21\lib\scala-library.jar -Xplugin-require:semanticdb -Yrangepos -Ymacro-expand:discard -Ycache-plugin-class-loader:last-modified -Ypresentation-any-thread

  last tree to typer: Ident(puntos)
       tree position: line 79 of file:///C:/Users/AlumnoM_AI/Desktop/torneo-twenty-one/src/main/scala/Main.scala
            tree tpe: <error>
              symbol: value puntos
   symbol definition: puntos: <error> (a TermSymbol)
      symbol package: <empty>
       symbol owners: value puntos -> value $anonfun -> value <local Main> -> object Main
           call site: <none> in <none>

== Source file context for tree position ==

    76     }
    77     println("Foreach")
    78     _CURSOR_punt.Foreach{puntos =>
    79         println(s"La puntuacion es de $puntos")
    80     }
    81 }
    82  (full report at: "C:\Users\AlumnoM_AI\Desktop\torneo-twenty-one\.metals\.reports\metals-full\2026-09-17\r_compiler-error_(torneo-twenty-one)_10-51-25-906.md")
sept 17, 2026 10:51:25 A. M. scala.meta.internal.pc.CompilerAccess retryWithCleanCompiler
INFO: compiler crashed due to an error in the Scala compiler, retrying with new compiler instance.
2026.09.17 10:51:25 INFO  Created report: Optional[file:///C:/Users/AlumnoM_AI/Desktop/torneo-twenty-one/src/main/scala/Main.scala]
2026.09.17 10:51:25 INFO  scala.reflect.internal.FatalError: 
  ThisType(value <local Main>) for sym which is not a class
     while compiling: file:///C:/Users/AlumnoM_AI/Desktop/torneo-twenty-one/src/main/scala/Main.scala
        during phase: globalPhase=<no phase>, enteringPhase=parser
     library version: version 2.12.21
    compiler version: version 2.12.21
  reconstructed args: -classpath C:\Users\AlumnoM_AI\Desktop\torneo-twenty-one\.bloop\torneo-twenty-one\bloop-bsp-clients-classes\classes-Metals-K5p93eXBTlydqd5s6zHB1w==;C:\Users\AlumnoM_AI\AppData\Local\bloop\cache\semanticdb\com.sourcegraph.semanticdb-javac.0.12.3\semanticdb-javac-0.12.3.jar;C:\Users\AlumnoM_AI\.sbt\boot\scala-2.12.21\lib\scala-library.jar -Xplugin-require:semanticdb -Yrangepos -Ymacro-expand:discard -Ycache-plugin-class-loader:last-modified -Ypresentation-any-thread

  last tree to typer: Ident(puntos)
       tree position: line 79 of file:///C:/Users/AlumnoM_AI/Desktop/torneo-twenty-one/src/main/scala/Main.scala
            tree tpe: <error>
              symbol: value puntos
   symbol definition: puntos: <error> (a TermSymbol)
      symbol package: <empty>
       symbol owners: value puntos -> value $anonfun -> value <local Main> -> object Main
           call site: <none> in <none>

== Source file context for tree position ==

    76     }
    77     println("Foreach")
    78     _CURSOR_punt.Foreach{puntos =>
    79         println(s"La puntuacion es de $puntos")
    80     }
    81 }
    82  (full report at: "C:\Users\AlumnoM_AI\Desktop\torneo-twenty-one\.metals\.reports\metals-full\2026-09-17\r_compiler-error_(torneo-twenty-one)_10-51-26-041.md")
sept 17, 2026 10:51:26 A. M. scala.meta.internal.pc.CompilerAccess retryWithCleanCompiler
INFO: compiler crashed due to an error in the Scala compiler, retrying with new compiler instance.
sept 17, 2026 10:51:26 A. M. scala.meta.internal.pc.CompilerAccess retryWithCleanCompiler
INFO: compiler crashed due to an error in the Scala compiler, retrying with new compiler instance.
2026.09.17 10:51:26 INFO  Created report: Optional[file:///C:/Users/AlumnoM_AI/Desktop/torneo-twenty-one/src/main/scala/Main.scala]
2026.09.17 10:51:26 INFO  scala.reflect.internal.FatalError: 
  ThisType(value <local Main>) for sym which is not a class
     while compiling: file:///C:/Users/AlumnoM_AI/Desktop/torneo-twenty-one/src/main/scala/Main.scala
        during phase: globalPhase=<no phase>, enteringPhase=parser
     library version: version 2.12.21
    compiler version: version 2.12.21
  reconstructed args: -classpath C:\Users\AlumnoM_AI\Desktop\torneo-twenty-one\.bloop\torneo-twenty-one\bloop-bsp-clients-classes\classes-Metals-K5p93eXBTlydqd5s6zHB1w==;C:\Users\AlumnoM_AI\AppData\Local\bloop\cache\semanticdb\com.sourcegraph.semanticdb-javac.0.12.3\semanticdb-javac-0.12.3.jar;C:\Users\AlumnoM_AI\.sbt\boot\scala-2.12.21\lib\scala-library.jar -Xplugin-require:semanticdb -Yrangepos -Ymacro-expand:discard -Ycache-plugin-class-loader:last-modified -Ypresentation-any-thread

  last tree to typer: Ident(puntos)
       tree position: line 87 of file:///C:/Users/AlumnoM_AI/Desktop/torneo-twenty-one/src/main/scala/Main.scala
            tree tpe: <error>
              symbol: value puntos
   symbol definition: puntos: <error> (a TermSymbol)
      symbol package: <empty>
       symbol owners: value puntos -> value $anonfun -> value <local Main> -> object Main
           call site: <none> in <none>

== Source file context for tree position ==

    84     println("\nForeach")
    85     // CORREGIDO: Aplicar a la colección entera con minúscula
    86     puntuacione_CURSOR_s.foreach { puntos => 
    87         println(s"La puntuacion es de $puntos")
    88     }
    89 }
    90  (full report at: "C:\Users\AlumnoM_AI\Desktop\torneo-twenty-one\.metals\.reports\metals-full\2026-09-17\r_compiler-error_(torneo-twenty-one)_10-51-26-363.md")
sept 17, 2026 10:51:26 A. M. scala.meta.internal.pc.CompilerAccess retryWithCleanCompiler
INFO: compiler crashed due to an error in the Scala compiler, retrying with new compiler instance.
2026.09.17 10:51:26 INFO  Created report: Optional[file:///C:/Users/AlumnoM_AI/Desktop/torneo-twenty-one/src/main/scala/Main.scala]
2026.09.17 10:51:26 INFO  scala.reflect.internal.FatalError: 
  ThisType(value <local Main>) for sym which is not a class
     while compiling: file:///C:/Users/AlumnoM_AI/Desktop/torneo-twenty-one/src/main/scala/Main.scala
        during phase: globalPhase=<no phase>, enteringPhase=parser
     library version: version 2.12.21
    compiler version: version 2.12.21
  reconstructed args: -classpath C:\Users\AlumnoM_AI\Desktop\torneo-twenty-one\.bloop\torneo-twenty-one\bloop-bsp-clients-classes\classes-Metals-K5p93eXBTlydqd5s6zHB1w==;C:\Users\AlumnoM_AI\AppData\Local\bloop\cache\semanticdb\com.sourcegraph.semanticdb-javac.0.12.3\semanticdb-javac-0.12.3.jar;C:\Users\AlumnoM_AI\.sbt\boot\scala-2.12.21\lib\scala-library.jar -Xplugin-require:semanticdb -Yrangepos -Ymacro-expand:discard -Ycache-plugin-class-loader:last-modified -Ypresentation-any-thread

  last tree to typer: Ident(_CURSOR_)
       tree position: line 78 of file:///C:/Users/AlumnoM_AI/Desktop/torneo-twenty-one/src/main/scala/Main.scala
            tree tpe: <error>
              symbol: value <error: <none>>
   symbol definition: val <error: <none>>: <error> (a TermSymbol)
      symbol package: <empty>
       symbol owners: value <error: <none>> -> value <local Main> -> object Main
           call site: <none> in <none>

== Source file context for tree position ==

    75 
    76     if (mejorPuntuacionRonda1 > mejorPuntuacionRonda2) {
    77         println("La primera ronda tuvo la mejor puntuación.")
    78     _CURSOR_} else if (mejorPuntuacionRonda2 > mejorPuntuacionRonda1) {
    79         println("La segunda ronda tuvo la mejor puntuación.")
    80     } else {
    81         println("Ambas rondas tuvieron la misma mejor puntuación.") (full report at: "C:\Users\AlumnoM_AI\Desktop\torneo-twenty-one\.metals\.reports\metals-full\2026-09-17\r_compiler-error_(torneo-twenty-one)_10-51-26-529.md")
sept 17, 2026 10:51:27 A. M. scala.meta.internal.pc.CompilerAccess retryWithCleanCompiler
INFO: compiler crashed due to an error in the Scala compiler, retrying with new compiler instance.
2026.09.17 10:51:27 INFO  Created report: Optional[file:///C:/Users/AlumnoM_AI/Desktop/torneo-twenty-one/src/main/scala/Main.scala]
2026.09.17 10:51:27 INFO  scala.reflect.internal.FatalError: 
  ThisType(value <local Main>) for sym which is not a class
     while compiling: file:///C:/Users/AlumnoM_AI/Desktop/torneo-twenty-one/src/main/scala/Main.scala
        during phase: globalPhase=<no phase>, enteringPhase=parser
     library version: version 2.12.21
    compiler version: version 2.12.21
  reconstructed args: -classpath C:\Users\AlumnoM_AI\Desktop\torneo-twenty-one\.bloop\torneo-twenty-one\bloop-bsp-clients-classes\classes-Metals-K5p93eXBTlydqd5s6zHB1w==;C:\Users\AlumnoM_AI\AppData\Local\bloop\cache\semanticdb\com.sourcegraph.semanticdb-javac.0.12.3\semanticdb-javac-0.12.3.jar;C:\Users\AlumnoM_AI\.sbt\boot\scala-2.12.21\lib\scala-library.jar -Xplugin-require:semanticdb -Yrangepos -Ymacro-expand:discard -Ycache-plugin-class-loader:last-modified -Ypresentation-any-thread

  last tree to typer: Ident(_CURSOR_)
       tree position: line 78 of file:///C:/Users/AlumnoM_AI/Desktop/torneo-twenty-one/src/main/scala/Main.scala
            tree tpe: <error>
              symbol: value <error: <none>>
   symbol definition: val <error: <none>>: <error> (a TermSymbol)
      symbol package: <empty>
       symbol owners: value <error: <none>> -> value <local Main> -> object Main
           call site: <none> in <none>

== Source file context for tree position ==

    75 
    76     if (mejorPuntuacionRonda1 > mejorPuntuacionRonda2) {
    77         println("La primera ronda tuvo la mejor puntuación.")
    78     _CURSOR_} else if (mejorPuntuacionRonda2 > mejorPuntuacionRonda1) {
    79         println("La segunda ronda tuvo la mejor puntuación.")
    80     } else {
    81         println("Ambas rondas tuvieron la misma mejor puntuación.") (full report at: "C:\Users\AlumnoM_AI\Desktop\torneo-twenty-one\.metals\.reports\metals-full\2026-09-17\r_compiler-error_(torneo-twenty-one)_10-51-27-386.md")
sept 17, 2026 10:51:27 A. M. scala.meta.internal.pc.CompilerAccess retryWithCleanCompiler
INFO: compiler crashed due to an error in the Scala compiler, retrying with new compiler instance.
2026.09.17 10:51:27 INFO  Created report: Optional[file:///C:/Users/AlumnoM_AI/Desktop/torneo-twenty-one/src/main/scala/Main.scala]
2026.09.17 10:51:27 INFO  scala.reflect.internal.FatalError: 
  ThisType(value <local Main>) for sym which is not a class
     while compiling: file:///C:/Users/AlumnoM_AI/Desktop/torneo-twenty-one/src/main/scala/Main.scala
        during phase: globalPhase=<no phase>, enteringPhase=parser
     library version: version 2.12.21
    compiler version: version 2.12.21
  reconstructed args: -classpath C:\Users\AlumnoM_AI\Desktop\torneo-twenty-one\.bloop\torneo-twenty-one\bloop-bsp-clients-classes\classes-Metals-K5p93eXBTlydqd5s6zHB1w==;C:\Users\AlumnoM_AI\AppData\Local\bloop\cache\semanticdb\com.sourcegraph.semanticdb-javac.0.12.3\semanticdb-javac-0.12.3.jar;C:\Users\AlumnoM_AI\.sbt\boot\scala-2.12.21\lib\scala-library.jar -Xplugin-require:semanticdb -Yrangepos -Ymacro-expand:discard -Ycache-plugin-class-loader:last-modified -Ypresentation-any-thread

  last tree to typer: Ident(_CURSOR_)
       tree position: line 78 of file:///C:/Users/AlumnoM_AI/Desktop/torneo-twenty-one/src/main/scala/Main.scala
            tree tpe: <error>
              symbol: value <error: <none>>
   symbol definition: val <error: <none>>: <error> (a TermSymbol)
      symbol package: <empty>
       symbol owners: value <error: <none>> -> value <local Main> -> object Main
           call site: <none> in <none>

== Source file context for tree position ==

    75 
    76     if (mejorPuntuacionRonda1 > mejorPuntuacionRonda2) {
    77         println("La primera ronda tuvo la mejor puntuación.")
    78     _CURSOR_} else if (mejorPuntuacionRonda2 > mejorPuntuacionRonda1) {
    79         println("La segunda ronda tuvo la mejor puntuación.")
    80     } else {
    81         println("Ambas rondas tuvieron la misma mejor puntuación.") (full report at: "C:\Users\AlumnoM_AI\Desktop\torneo-twenty-one\.metals\.reports\metals-full\2026-09-17\r_compiler-error_(torneo-twenty-one)_10-51-27-757.md")
sept 17, 2026 10:51:28 A. M. scala.meta.internal.pc.CompilerAccess retryWithCleanCompiler
INFO: compiler crashed due to an error in the Scala compiler, retrying with new compiler instance.
2026.09.17 10:51:27 INFO  Created report: Optional[file:///C:/Users/AlumnoM_AI/Desktop/torneo-twenty-one/src/main/scala/Main.scala]
2026.09.17 10:51:27 INFO  scala.reflect.internal.FatalError: 
  ThisType(value <local Main>) for sym which is not a class
     while compiling: file:///C:/Users/AlumnoM_AI/Desktop/torneo-twenty-one/src/main/scala/Main.scala
        during phase: globalPhase=<no phase>, enteringPhase=parser
     library version: version 2.12.21
    compiler version: version 2.12.21
  reconstructed args: -classpath C:\Users\AlumnoM_AI\Desktop\torneo-twenty-one\.bloop\torneo-twenty-one\bloop-bsp-clients-classes\classes-Metals-K5p93eXBTlydqd5s6zHB1w==;C:\Users\AlumnoM_AI\AppData\Local\bloop\cache\semanticdb\com.sourcegraph.semanticdb-javac.0.12.3\semanticdb-javac-0.12.3.jar;C:\Users\AlumnoM_AI\.sbt\boot\scala-2.12.21\lib\scala-library.jar -Xplugin-require:semanticdb -Yrangepos -Ymacro-expand:discard -Ycache-plugin-class-loader:last-modified -Ypresentation-any-thread

  last tree to typer: Ident(puntos)
       tree position: line 86 of file:///C:/Users/AlumnoM_AI/Desktop/torneo-twenty-one/src/main/scala/Main.scala
            tree tpe: <error>
              symbol: value puntos
   symbol definition: puntos: <error> (a TermSymbol)
      symbol package: <empty>
       symbol owners: value puntos -> value $anonfun -> value <local Main> -> object Main
           call site: <none> in <none>

== Source file context for tree position ==

    83     
    84     println("\nForeach")
    85     puntuacione_CURSOR_s.foreach { puntos => 
    86         println(s"La puntuacion es de $puntos")
    87     }
    88 }
    89  (full report at: "C:\Users\AlumnoM_AI\Desktop\torneo-twenty-one\.metals\.reports\metals-full\2026-09-17\r_compiler-error_(torneo-twenty-one)_10-51-28-178.md")
sept 17, 2026 10:51:30 A. M. scala.meta.internal.pc.CompilerAccess retryWithCleanCompiler
INFO: compiler crashed due to an error in the Scala compiler, retrying with new compiler instance.
2026.09.17 10:51:30 INFO  Created report: Optional[file:///C:/Users/AlumnoM_AI/Desktop/torneo-twenty-one/src/main/scala/Main.scala]
2026.09.17 10:51:30 INFO  scala.reflect.internal.FatalError: 
  ThisType(value <local Main>) for sym which is not a class
     while compiling: file:///C:/Users/AlumnoM_AI/Desktop/torneo-twenty-one/src/main/scala/Main.scala
        during phase: globalPhase=<no phase>, enteringPhase=parser
     library version: version 2.12.21
    compiler version: version 2.12.21
  reconstructed args: -classpath C:\Users\AlumnoM_AI\Desktop\torneo-twenty-one\.bloop\torneo-twenty-one\bloop-bsp-clients-classes\classes-Metals-K5p93eXBTlydqd5s6zHB1w==;C:\Users\AlumnoM_AI\AppData\Local\bloop\cache\semanticdb\com.sourcegraph.semanticdb-javac.0.12.3\semanticdb-javac-0.12.3.jar;C:\Users\AlumnoM_AI\.sbt\boot\scala-2.12.21\lib\scala-library.jar -Xplugin-require:semanticdb -Yrangepos -Ymacro-expand:discard -Ycache-plugin-class-loader:last-modified -Ypresentation-any-thread

  last tree to typer: Ident(_CURSOR_)
       tree position: line 78 of file:///C:/Users/AlumnoM_AI/Desktop/torneo-twenty-one/src/main/scala/Main.scala
            tree tpe: <error>
              symbol: value <error: <none>>
   symbol definition: val <error: <none>>: <error> (a TermSymbol)
      symbol package: <empty>
       symbol owners: value <error: <none>> -> value <local Main> -> object Main
           call site: <none> in <none>

== Source file context for tree position ==

    75 
    76     if (mejorPuntuacionRonda1 > mejorPuntuacionRonda2) {
    77         println("La primera ronda tuvo la mejor puntuación.")
    78     _CURSOR_} else if (mejorPuntuacionRonda2 > mejorPuntuacionRonda1) {
    79         println("La segunda ronda tuvo la mejor puntuación.")
    80     } else {
    81         println("Ambas rondas tuvieron la misma mejor puntuación.") (full report at: "C:\Users\AlumnoM_AI\Desktop\torneo-twenty-one\.metals\.reports\metals-full\2026-09-17\r_compiler-error_(torneo-twenty-one)_10-51-30-197.md")
sept 17, 2026 10:51:30 A. M. scala.meta.internal.pc.CompilerAccess retryWithCleanCompiler
INFO: compiler crashed due to an error in the Scala compiler, retrying with new compiler instance.
2026.09.17 10:51:30 INFO  Created report: Optional[file:///C:/Users/AlumnoM_AI/Desktop/torneo-twenty-one/src/main/scala/Main.scala]
2026.09.17 10:51:30 INFO  scala.reflect.internal.FatalError: 
  ThisType(value <local Main>) for sym which is not a class
     while compiling: file:///C:/Users/AlumnoM_AI/Desktop/torneo-twenty-one/src/main/scala/Main.scala
        during phase: globalPhase=<no phase>, enteringPhase=parser
     library version: version 2.12.21
    compiler version: version 2.12.21
  reconstructed args: -classpath C:\Users\AlumnoM_AI\Desktop\torneo-twenty-one\.bloop\torneo-twenty-one\bloop-bsp-clients-classes\classes-Metals-K5p93eXBTlydqd5s6zHB1w==;C:\Users\AlumnoM_AI\AppData\Local\bloop\cache\semanticdb\com.sourcegraph.semanticdb-javac.0.12.3\semanticdb-javac-0.12.3.jar;C:\Users\AlumnoM_AI\.sbt\boot\scala-2.12.21\lib\scala-library.jar -Xplugin-require:semanticdb -Yrangepos -Ymacro-expand:discard -Ycache-plugin-class-loader:last-modified -Ypresentation-any-thread

  last tree to typer: Ident(_CURSOR_)
       tree position: line 78 of file:///C:/Users/AlumnoM_AI/Desktop/torneo-twenty-one/src/main/scala/Main.scala
            tree tpe: <error>
              symbol: value <error: <none>>
   symbol definition: val <error: <none>>: <error> (a TermSymbol)
      symbol package: <empty>
       symbol owners: value <error: <none>> -> value <local Main> -> object Main
           call site: <none> in <none>

== Source file context for tree position ==

    75 
    76     if (mejorPuntuacionRonda1 > mejorPuntuacionRonda2) {
    77         println("La primera ronda tuvo la mejor puntuación.")
    78     _CURSOR_} else if (mejorPuntuacionRonda2 > mejorPuntuacionRonda1) {
    79         println("La segunda ronda tuvo la mejor puntuación.")
    80     } else {
    81         println("Ambas rondas tuvieron la misma mejor puntuación.") (full report at: "C:\Users\AlumnoM_AI\Desktop\torneo-twenty-one\.metals\.reports\metals-full\2026-09-17\r_compiler-error_(torneo-twenty-one)_10-51-30-802.md")
sept 17, 2026 10:51:31 A. M. scala.meta.internal.pc.CompilerAccess retryWithCleanCompiler
INFO: compiler crashed due to an error in the Scala compiler, retrying with new compiler instance.
2026.09.17 10:51:31 INFO  Created report: Optional[file:///C:/Users/AlumnoM_AI/Desktop/torneo-twenty-one/src/main/scala/Main.scala]
2026.09.17 10:51:31 INFO  scala.reflect.internal.FatalError: 
  ThisType(value <local Main>) for sym which is not a class
     while compiling: file:///C:/Users/AlumnoM_AI/Desktop/torneo-twenty-one/src/main/scala/Main.scala
        during phase: globalPhase=<no phase>, enteringPhase=parser
     library version: version 2.12.21
    compiler version: version 2.12.21
  reconstructed args: -classpath C:\Users\AlumnoM_AI\Desktop\torneo-twenty-one\.bloop\torneo-twenty-one\bloop-bsp-clients-classes\classes-Metals-K5p93eXBTlydqd5s6zHB1w==;C:\Users\AlumnoM_AI\AppData\Local\bloop\cache\semanticdb\com.sourcegraph.semanticdb-javac.0.12.3\semanticdb-javac-0.12.3.jar;C:\Users\AlumnoM_AI\.sbt\boot\scala-2.12.21\lib\scala-library.jar -Xplugin-require:semanticdb -Yrangepos -Ymacro-expand:discard -Ycache-plugin-class-loader:last-modified -Ypresentation-any-thread

  last tree to typer: Ident(_CURSOR_)
       tree position: line 78 of file:///C:/Users/AlumnoM_AI/Desktop/torneo-twenty-one/src/main/scala/Main.scala
            tree tpe: <error>
              symbol: value <error: <none>>
   symbol definition: val <error: <none>>: <error> (a TermSymbol)
      symbol package: <empty>
       symbol owners: value <error: <none>> -> value <local Main> -> object Main
           call site: <none> in <none>

== Source file context for tree position ==

    75 
    76     if (mejorPuntuacionRonda1 > mejorPuntuacionRonda2) {
    77         println("La primera ronda tuvo la mejor puntuación.")
    78     _CURSOR_} else if (mejorPuntuacionRonda2 > mejorPuntuacionRonda1) {
    79         println("La segunda ronda tuvo la mejor puntuación.")
    80     } else {
    81         println("Ambas rondas tuvieron la misma mejor puntuación.") (full report at: "C:\Users\AlumnoM_AI\Desktop\torneo-twenty-one\.metals\.reports\metals-full\2026-09-17\r_compiler-error_(torneo-twenty-one)_10-51-31-430.md")
sept 17, 2026 10:51:31 A. M. scala.meta.internal.pc.CompilerAccess retryWithCleanCompiler
INFO: compiler crashed due to an error in the Scala compiler, retrying with new compiler instance.
2026.09.17 10:51:31 INFO  Created report: Optional[file:///C:/Users/AlumnoM_AI/Desktop/torneo-twenty-one/src/main/scala/Main.scala]
2026.09.17 10:51:31 INFO  scala.reflect.internal.FatalError: 
  ThisType(value <local Main>) for sym which is not a class
     while compiling: file:///C:/Users/AlumnoM_AI/Desktop/torneo-twenty-one/src/main/scala/Main.scala
        during phase: globalPhase=<no phase>, enteringPhase=parser
     library version: version 2.12.21
    compiler version: version 2.12.21
  reconstructed args: -classpath C:\Users\AlumnoM_AI\Desktop\torneo-twenty-one\.bloop\torneo-twenty-one\bloop-bsp-clients-classes\classes-Metals-K5p93eXBTlydqd5s6zHB1w==;C:\Users\AlumnoM_AI\AppData\Local\bloop\cache\semanticdb\com.sourcegraph.semanticdb-javac.0.12.3\semanticdb-javac-0.12.3.jar;C:\Users\AlumnoM_AI\.sbt\boot\scala-2.12.21\lib\scala-library.jar -Xplugin-require:semanticdb -Yrangepos -Ymacro-expand:discard -Ycache-plugin-class-loader:last-modified -Ypresentation-any-thread

  last tree to typer: Ident(_CURSOR_)
       tree position: line 78 of file:///C:/Users/AlumnoM_AI/Desktop/torneo-twenty-one/src/main/scala/Main.scala
            tree tpe: <error>
              symbol: value <error: <none>>
   symbol definition: val <error: <none>>: <error> (a TermSymbol)
      symbol package: <empty>
       symbol owners: value <error: <none>> -> value <local Main> -> object Main
           call site: <none> in <none>

== Source file context for tree position ==

    75 
    76     if (mejorPuntuacionRonda1 > mejorPuntuacionRonda2) {
    77         println("La primera ronda tuvo la mejor puntuación.")
    78     _CURSOR_} else if (mejorPuntuacionRonda2 > mejorPuntuacionRonda1) {
    79         println("La segunda ronda tuvo la mejor puntuación.")
    80     } else {
    81         println("Ambas rondas tuvieron la misma mejor puntuación.") (full report at: "C:\Users\AlumnoM_AI\Desktop\torneo-twenty-one\.metals\.reports\metals-full\2026-09-17\r_compiler-error_(torneo-twenty-one)_10-51-31-889.md")
sept 17, 2026 10:51:32 A. M. scala.meta.internal.pc.CompilerAccess retryWithCleanCompiler
INFO: compiler crashed due to an error in the Scala compiler, retrying with new compiler instance.
2026.09.17 10:51:31 INFO  Created report: Optional[file:///C:/Users/AlumnoM_AI/Desktop/torneo-twenty-one/src/main/scala/Main.scala]
2026.09.17 10:51:31 INFO  scala.reflect.internal.FatalError: 
  ThisType(value <local Main>) for sym which is not a class
     while compiling: file:///C:/Users/AlumnoM_AI/Desktop/torneo-twenty-one/src/main/scala/Main.scala
        during phase: globalPhase=<no phase>, enteringPhase=parser
     library version: version 2.12.21
    compiler version: version 2.12.21
  reconstructed args: -classpath C:\Users\AlumnoM_AI\Desktop\torneo-twenty-one\.bloop\torneo-twenty-one\bloop-bsp-clients-classes\classes-Metals-K5p93eXBTlydqd5s6zHB1w==;C:\Users\AlumnoM_AI\AppData\Local\bloop\cache\semanticdb\com.sourcegraph.semanticdb-javac.0.12.3\semanticdb-javac-0.12.3.jar;C:\Users\AlumnoM_AI\.sbt\boot\scala-2.12.21\lib\scala-library.jar -Xplugin-require:semanticdb -Yrangepos -Ymacro-expand:discard -Ycache-plugin-class-loader:last-modified -Ypresentation-any-thread

  last tree to typer: Ident(_CURSOR_)
       tree position: line 78 of file:///C:/Users/AlumnoM_AI/Desktop/torneo-twenty-one/src/main/scala/Main.scala
            tree tpe: <error>
              symbol: value <error: <none>>
   symbol definition: val <error: <none>>: <error> (a TermSymbol)
      symbol package: <empty>
       symbol owners: value <error: <none>> -> value <local Main> -> object Main
           call site: <none> in <none>

== Source file context for tree position ==

    75 
    76     if (mejorPuntuacionRonda1 > mejorPuntuacionRonda2) {
    77         println("La primera ronda tuvo la mejor puntuación.")
    78     _CURSOR_} else if (mejorPuntuacionRonda2 > mejorPuntuacionRonda1) {
    79         println("La segunda ronda tuvo la mejor puntuación.")
    80     } else {
    81         println("Ambas rondas tuvieron la misma mejor puntuación.") (full report at: "C:\Users\AlumnoM_AI\Desktop\torneo-twenty-one\.metals\.reports\metals-full\2026-09-17\r_compiler-error_(torneo-twenty-one)_10-51-32-086.md")
sept 17, 2026 10:51:33 A. M. scala.meta.internal.pc.CompilerAccess retryWithCleanCompiler
INFO: compiler crashed due to an error in the Scala compiler, retrying with new compiler instance.
2026.09.17 10:51:33 INFO  Created report: Optional[file:///C:/Users/AlumnoM_AI/Desktop/torneo-twenty-one/src/main/scala/Main.scala]
2026.09.17 10:51:33 INFO  scala.reflect.internal.FatalError: 
  ThisType(value <local Main>) for sym which is not a class
     while compiling: file:///C:/Users/AlumnoM_AI/Desktop/torneo-twenty-one/src/main/scala/Main.scala
        during phase: globalPhase=<no phase>, enteringPhase=parser
     library version: version 2.12.21
    compiler version: version 2.12.21
  reconstructed args: -classpath C:\Users\AlumnoM_AI\Desktop\torneo-twenty-one\.bloop\torneo-twenty-one\bloop-bsp-clients-classes\classes-Metals-K5p93eXBTlydqd5s6zHB1w==;C:\Users\AlumnoM_AI\AppData\Local\bloop\cache\semanticdb\com.sourcegraph.semanticdb-javac.0.12.3\semanticdb-javac-0.12.3.jar;C:\Users\AlumnoM_AI\.sbt\boot\scala-2.12.21\lib\scala-library.jar -Xplugin-require:semanticdb -Yrangepos -Ymacro-expand:discard -Ycache-plugin-class-loader:last-modified -Ypresentation-any-thread

  last tree to typer: Ident(_CURSOR_)
       tree position: line 78 of file:///C:/Users/AlumnoM_AI/Desktop/torneo-twenty-one/src/main/scala/Main.scala
            tree tpe: <error>
              symbol: value <error: <none>>
   symbol definition: val <error: <none>>: <error> (a TermSymbol)
      symbol package: <empty>
       symbol owners: value <error: <none>> -> value <local Main> -> object Main
           call site: <none> in <none>

== Source file context for tree position ==

    75 
    76     if (mejorPuntuacionRonda1 > mejorPuntuacionRonda2) {
    77         println("La primera ronda tuvo la mejor puntuación.")
    78     _CURSOR_} else if (mejorPuntuacionRonda2 > mejorPuntuacionRonda1) {
    79         println("La segunda ronda tuvo la mejor puntuación.")
    80     } else {
    81         println("Ambas rondas tuvieron la misma mejor puntuación.") (full report at: "C:\Users\AlumnoM_AI\Desktop\torneo-twenty-one\.metals\.reports\metals-full\2026-09-17\r_compiler-error_(torneo-twenty-one)_10-51-33-318.md")
sept 17, 2026 10:51:33 A. M. scala.meta.internal.pc.CompilerAccess retryWithCleanCompiler
INFO: compiler crashed due to an error in the Scala compiler, retrying with new compiler instance.
2026.09.17 10:51:33 INFO  Created report: Optional[file:///C:/Users/AlumnoM_AI/Desktop/torneo-twenty-one/src/main/scala/Main.scala]
2026.09.17 10:51:33 INFO  scala.reflect.internal.FatalError: 
  ThisType(value <local Main>) for sym which is not a class
     while compiling: file:///C:/Users/AlumnoM_AI/Desktop/torneo-twenty-one/src/main/scala/Main.scala
        during phase: globalPhase=<no phase>, enteringPhase=parser
     library version: version 2.12.21
    compiler version: version 2.12.21
  reconstructed args: -classpath C:\Users\AlumnoM_AI\Desktop\torneo-twenty-one\.bloop\torneo-twenty-one\bloop-bsp-clients-classes\classes-Metals-K5p93eXBTlydqd5s6zHB1w==;C:\Users\AlumnoM_AI\AppData\Local\bloop\cache\semanticdb\com.sourcegraph.semanticdb-javac.0.12.3\semanticdb-javac-0.12.3.jar;C:\Users\AlumnoM_AI\.sbt\boot\scala-2.12.21\lib\scala-library.jar -Xplugin-require:semanticdb -Yrangepos -Ymacro-expand:discard -Ycache-plugin-class-loader:last-modified -Ypresentation-any-thread

  last tree to typer: Ident(_CURSOR_)
       tree position: line 78 of file:///C:/Users/AlumnoM_AI/Desktop/torneo-twenty-one/src/main/scala/Main.scala
            tree tpe: <error>
              symbol: value <error: <none>>
   symbol definition: val <error: <none>>: <error> (a TermSymbol)
      symbol package: <empty>
       symbol owners: value <error: <none>> -> value <local Main> -> object Main
           call site: <none> in <none>

== Source file context for tree position ==

    75 
    76     if (mejorPuntuacionRonda1 > mejorPuntuacionRonda2) {
    77         println("La primera ronda tuvo la mejor puntuación.")
    78     _CURSOR_} else if (mejorPuntuacionRonda2 > mejorPuntuacionRonda1) {
    79         println("La segunda ronda tuvo la mejor puntuación.")
    80     } else {
    81         println("Ambas rondas tuvieron la misma mejor puntuación.") (full report at: "C:\Users\AlumnoM_AI\Desktop\torneo-twenty-one\.metals\.reports\metals-full\2026-09-17\r_compiler-error_(torneo-twenty-one)_10-51-33-718.md")
sept 17, 2026 10:51:36 A. M. scala.meta.internal.pc.CompilerAccess retryWithCleanCompiler
INFO: compiler crashed due to an error in the Scala compiler, retrying with new compiler instance.
2026.09.17 10:51:36 INFO  Created report: Optional[file:///C:/Users/AlumnoM_AI/Desktop/torneo-twenty-one/src/main/scala/Main.scala]
2026.09.17 10:51:36 INFO  scala.reflect.internal.FatalError: 
  ThisType(value <local Main>) for sym which is not a class
     while compiling: file:///C:/Users/AlumnoM_AI/Desktop/torneo-twenty-one/src/main/scala/Main.scala
        during phase: globalPhase=<no phase>, enteringPhase=parser
     library version: version 2.12.21
    compiler version: version 2.12.21
  reconstructed args: -classpath C:\Users\AlumnoM_AI\Desktop\torneo-twenty-one\.bloop\torneo-twenty-one\bloop-bsp-clients-classes\classes-Metals-K5p93eXBTlydqd5s6zHB1w==;C:\Users\AlumnoM_AI\AppData\Local\bloop\cache\semanticdb\com.sourcegraph.semanticdb-javac.0.12.3\semanticdb-javac-0.12.3.jar;C:\Users\AlumnoM_AI\.sbt\boot\scala-2.12.21\lib\scala-library.jar -Xplugin-require:semanticdb -Yrangepos -Ymacro-expand:discard -Ycache-plugin-class-loader:last-modified -Ypresentation-any-thread

  last tree to typer: Ident(_CURSOR_)
       tree position: line 78 of file:///C:/Users/AlumnoM_AI/Desktop/torneo-twenty-one/src/main/scala/Main.scala
            tree tpe: <error>
              symbol: value <error: <none>>
   symbol definition: val <error: <none>>: <error> (a TermSymbol)
      symbol package: <empty>
       symbol owners: value <error: <none>> -> value <local Main> -> object Main
           call site: <none> in <none>

== Source file context for tree position ==

    75 
    76     if (mejorPuntuacionRonda1 > mejorPuntuacionRonda2) {
    77         println("La primera ronda tuvo la mejor puntuación.")
    78     _CURSOR_} else if (mejorPuntuacionRonda2 > mejorPuntuacionRonda1) {
    79         println("La segunda ronda tuvo la mejor puntuación.")
    80     } else {
    81         println("Ambas rondas tuvieron la misma mejor puntuación.") (full report at: "C:\Users\AlumnoM_AI\Desktop\torneo-twenty-one\.metals\.reports\metals-full\2026-09-17\r_compiler-error_(torneo-twenty-one)_10-51-36-307.md")
sept 17, 2026 10:51:36 A. M. scala.meta.internal.pc.CompilerAccess retryWithCleanCompiler
INFO: compiler crashed due to an error in the Scala compiler, retrying with new compiler instance.
2026.09.17 10:51:36 INFO  Created report: Optional[file:///C:/Users/AlumnoM_AI/Desktop/torneo-twenty-one/src/main/scala/Main.scala]
2026.09.17 10:51:36 INFO  scala.reflect.internal.FatalError: 
  ThisType(value <local Main>) for sym which is not a class
     while compiling: file:///C:/Users/AlumnoM_AI/Desktop/torneo-twenty-one/src/main/scala/Main.scala
        during phase: globalPhase=<no phase>, enteringPhase=parser
     library version: version 2.12.21
    compiler version: version 2.12.21
  reconstructed args: -classpath C:\Users\AlumnoM_AI\Desktop\torneo-twenty-one\.bloop\torneo-twenty-one\bloop-bsp-clients-classes\classes-Metals-K5p93eXBTlydqd5s6zHB1w==;C:\Users\AlumnoM_AI\AppData\Local\bloop\cache\semanticdb\com.sourcegraph.semanticdb-javac.0.12.3\semanticdb-javac-0.12.3.jar;C:\Users\AlumnoM_AI\.sbt\boot\scala-2.12.21\lib\scala-library.jar -Xplugin-require:semanticdb -Yrangepos -Ymacro-expand:discard -Ycache-plugin-class-loader:last-modified -Ypresentation-any-thread

  last tree to typer: Ident(_CURSOR_)
       tree position: line 78 of file:///C:/Users/AlumnoM_AI/Desktop/torneo-twenty-one/src/main/scala/Main.scala
            tree tpe: <error>
              symbol: value <error: <none>>
   symbol definition: val <error: <none>>: <error> (a TermSymbol)
      symbol package: <empty>
       symbol owners: value <error: <none>> -> value <local Main> -> object Main
           call site: <none> in <none>

== Source file context for tree position ==

    75 
    76     if (mejorPuntuacionRonda1 > mejorPuntuacionRonda2) {
    77         println("La primera ronda tuvo la mejor puntuación.")
    78     _CURSOR_} else if (mejorPuntuacionRonda2 > mejorPuntuacionRonda1) {
    79         println("La segunda ronda tuvo la mejor puntuación.")
    80     } else {
    81         println("Ambas rondas tuvieron la misma mejor puntuación.") (full report at: "C:\Users\AlumnoM_AI\Desktop\torneo-twenty-one\.metals\.reports\metals-full\2026-09-17\r_compiler-error_(torneo-twenty-one)_10-51-36-503.md")
sept 17, 2026 10:51:37 A. M. scala.meta.internal.pc.CompilerAccess retryWithCleanCompiler
INFO: compiler crashed due to an error in the Scala compiler, retrying with new compiler instance.
2026.09.17 10:51:36 INFO  Created report: Optional[file:///C:/Users/AlumnoM_AI/Desktop/torneo-twenty-one/src/main/scala/Main.scala]
2026.09.17 10:51:36 INFO  scala.reflect.internal.FatalError: 
  ThisType(value <local Main>) for sym which is not a class
     while compiling: file:///C:/Users/AlumnoM_AI/Desktop/torneo-twenty-one/src/main/scala/Main.scala
        during phase: globalPhase=<no phase>, enteringPhase=parser
     library version: version 2.12.21
    compiler version: version 2.12.21
  reconstructed args: -classpath C:\Users\AlumnoM_AI\Desktop\torneo-twenty-one\.bloop\torneo-twenty-one\bloop-bsp-clients-classes\classes-Metals-K5p93eXBTlydqd5s6zHB1w==;C:\Users\AlumnoM_AI\AppData\Local\bloop\cache\semanticdb\com.sourcegraph.semanticdb-javac.0.12.3\semanticdb-javac-0.12.3.jar;C:\Users\AlumnoM_AI\.sbt\boot\scala-2.12.21\lib\scala-library.jar -Xplugin-require:semanticdb -Yrangepos -Ymacro-expand:discard -Ycache-plugin-class-loader:last-modified -Ypresentation-any-thread

  last tree to typer: Ident(_CURSOR_)
       tree position: line 78 of file:///C:/Users/AlumnoM_AI/Desktop/torneo-twenty-one/src/main/scala/Main.scala
            tree tpe: <error>
              symbol: value <error: <none>>
   symbol definition: val <error: <none>>: <error> (a TermSymbol)
      symbol package: <empty>
       symbol owners: value <error: <none>> -> value <local Main> -> object Main
           call site: <none> in <none>

== Source file context for tree position ==

    75 
    76     if (mejorPuntuacionRonda1 > mejorPuntuacionRonda2) {
    77         println("La primera ronda tuvo la mejor puntuación.")
    78     _CURSOR_} else if (mejorPuntuacionRonda2 > mejorPuntuacionRonda1) {
    79         println("La segunda ronda tuvo la mejor puntuación.")
    80     } else {
    81         println("Ambas rondas tuvieron la misma mejor puntuación.") (full report at: "C:\Users\AlumnoM_AI\Desktop\torneo-twenty-one\.metals\.reports\metals-full\2026-09-17\r_compiler-error_(torneo-twenty-one)_10-51-37-090.md")
sept 17, 2026 10:51:37 A. M. scala.meta.internal.pc.CompilerAccess retryWithCleanCompiler
INFO: compiler crashed due to an error in the Scala compiler, retrying with new compiler instance.
2026.09.17 10:51:37 INFO  Created report: Optional[file:///C:/Users/AlumnoM_AI/Desktop/torneo-twenty-one/src/main/scala/Main.scala]
2026.09.17 10:51:37 INFO  scala.reflect.internal.FatalError: 
  ThisType(value <local Main>) for sym which is not a class
     while compiling: file:///C:/Users/AlumnoM_AI/Desktop/torneo-twenty-one/src/main/scala/Main.scala
        during phase: globalPhase=<no phase>, enteringPhase=parser
     library version: version 2.12.21
    compiler version: version 2.12.21
  reconstructed args: -classpath C:\Users\AlumnoM_AI\Desktop\torneo-twenty-one\.bloop\torneo-twenty-one\bloop-bsp-clients-classes\classes-Metals-K5p93eXBTlydqd5s6zHB1w==;C:\Users\AlumnoM_AI\AppData\Local\bloop\cache\semanticdb\com.sourcegraph.semanticdb-javac.0.12.3\semanticdb-javac-0.12.3.jar;C:\Users\AlumnoM_AI\.sbt\boot\scala-2.12.21\lib\scala-library.jar -Xplugin-require:semanticdb -Yrangepos -Ymacro-expand:discard -Ycache-plugin-class-loader:last-modified -Ypresentation-any-thread

  last tree to typer: Ident(_CURSOR_)
       tree position: line 78 of file:///C:/Users/AlumnoM_AI/Desktop/torneo-twenty-one/src/main/scala/Main.scala
            tree tpe: <error>
              symbol: value <error: <none>>
   symbol definition: val <error: <none>>: <error> (a TermSymbol)
      symbol package: <empty>
       symbol owners: value <error: <none>> -> value <local Main> -> object Main
           call site: <none> in <none>

== Source file context for tree position ==

    75 
    76     if (mejorPuntuacionRonda1 > mejorPuntuacionRonda2) {
    77         println("La primera ronda tuvo la mejor puntuación.")
    78     _CURSOR_} else if (mejorPuntuacionRonda2 > mejorPuntuacionRonda1) {
    79         println("La segunda ronda tuvo la mejor puntuación.")
    80     } else {
    81         println("Ambas rondas tuvieron la misma mejor puntuación.") (full report at: "C:\Users\AlumnoM_AI\Desktop\torneo-twenty-one\.metals\.reports\metals-full\2026-09-17\r_compiler-error_(torneo-twenty-one)_10-51-37-325.md")
sept 17, 2026 10:51:37 A. M. scala.meta.internal.pc.CompilerAccess retryWithCleanCompiler
INFO: compiler crashed due to an error in the Scala compiler, retrying with new compiler instance.
2026.09.17 10:51:37 INFO  Created report: Optional[file:///C:/Users/AlumnoM_AI/Desktop/torneo-twenty-one/src/main/scala/Main.scala]
2026.09.17 10:51:37 INFO  scala.reflect.internal.FatalError: 
  ThisType(value <local Main>) for sym which is not a class
     while compiling: file:///C:/Users/AlumnoM_AI/Desktop/torneo-twenty-one/src/main/scala/Main.scala
        during phase: globalPhase=<no phase>, enteringPhase=parser
     library version: version 2.12.21
    compiler version: version 2.12.21
  reconstructed args: -classpath C:\Users\AlumnoM_AI\Desktop\torneo-twenty-one\.bloop\torneo-twenty-one\bloop-bsp-clients-classes\classes-Metals-K5p93eXBTlydqd5s6zHB1w==;C:\Users\AlumnoM_AI\AppData\Local\bloop\cache\semanticdb\com.sourcegraph.semanticdb-javac.0.12.3\semanticdb-javac-0.12.3.jar;C:\Users\AlumnoM_AI\.sbt\boot\scala-2.12.21\lib\scala-library.jar -Xplugin-require:semanticdb -Yrangepos -Ymacro-expand:discard -Ycache-plugin-class-loader:last-modified -Ypresentation-any-thread

  last tree to typer: Ident(_CURSOR_)
       tree position: line 78 of file:///C:/Users/AlumnoM_AI/Desktop/torneo-twenty-one/src/main/scala/Main.scala
            tree tpe: <error>
              symbol: value <error: <none>>
   symbol definition: val <error: <none>>: <error> (a TermSymbol)
      symbol package: <empty>
       symbol owners: value <error: <none>> -> value <local Main> -> object Main
           call site: <none> in <none>

== Source file context for tree position ==

    75 
    76     if (mejorPuntuacionRonda1 > mejorPuntuacionRonda2) {
    77         println("La primera ronda tuvo la mejor puntuación.")
    78     _CURSOR_} else if (mejorPuntuacionRonda2 > mejorPuntuacionRonda1) {
    79         println("La segunda ronda tuvo la mejor puntuación.")
    80     } else {
    81         println("Ambas rondas tuvieron la misma mejor puntuación.") (full report at: "C:\Users\AlumnoM_AI\Desktop\torneo-twenty-one\.metals\.reports\metals-full\2026-09-17\r_compiler-error_(torneo-twenty-one)_10-51-37-745.md")
sept 17, 2026 10:51:40 A. M. scala.meta.internal.pc.CompilerAccess retryWithCleanCompiler
INFO: compiler crashed due to an error in the Scala compiler, retrying with new compiler instance.
2026.09.17 10:51:40 INFO  Created report: Optional[file:///C:/Users/AlumnoM_AI/Desktop/torneo-twenty-one/src/main/scala/Main.scala]
2026.09.17 10:51:40 INFO  scala.reflect.internal.FatalError: 
  ThisType(value <local Main>) for sym which is not a class
     while compiling: file:///C:/Users/AlumnoM_AI/Desktop/torneo-twenty-one/src/main/scala/Main.scala
        during phase: globalPhase=<no phase>, enteringPhase=parser
     library version: version 2.12.21
    compiler version: version 2.12.21
  reconstructed args: -classpath C:\Users\AlumnoM_AI\Desktop\torneo-twenty-one\.bloop\torneo-twenty-one\bloop-bsp-clients-classes\classes-Metals-K5p93eXBTlydqd5s6zHB1w==;C:\Users\AlumnoM_AI\AppData\Local\bloop\cache\semanticdb\com.sourcegraph.semanticdb-javac.0.12.3\semanticdb-javac-0.12.3.jar;C:\Users\AlumnoM_AI\.sbt\boot\scala-2.12.21\lib\scala-library.jar -Xplugin-require:semanticdb -Yrangepos -Ymacro-expand:discard -Ycache-plugin-class-loader:last-modified -Ypresentation-any-thread

  last tree to typer: Ident(_CURSOR_)
       tree position: line 78 of file:///C:/Users/AlumnoM_AI/Desktop/torneo-twenty-one/src/main/scala/Main.scala
            tree tpe: <error>
              symbol: value <error: <none>>
   symbol definition: val <error: <none>>: <error> (a TermSymbol)
      symbol package: <empty>
       symbol owners: value <error: <none>> -> value <local Main> -> object Main
           call site: <none> in <none>

== Source file context for tree position ==

    75 
    76     if (mejorPuntuacionRonda1 > mejorPuntuacionRonda2) {
    77         println("La primera ronda tuvo la mejor puntuación.")
    78     _CURSOR_} else if (mejorPuntuacionRonda2 > mejorPuntuacionRonda1) {
    79         println("La segunda ronda tuvo la mejor puntuación.")
    80     } else {
    81         println("Ambas rondas tuvieron la misma mejor puntuación.") (full report at: "C:\Users\AlumnoM_AI\Desktop\torneo-twenty-one\.metals\.reports\metals-full\2026-09-17\r_compiler-error_(torneo-twenty-one)_10-51-40-390.md")
sept 17, 2026 10:51:40 A. M. scala.meta.internal.pc.CompilerAccess retryWithCleanCompiler
INFO: compiler crashed due to an error in the Scala compiler, retrying with new compiler instance.
2026.09.17 10:51:40 INFO  Created report: Optional[file:///C:/Users/AlumnoM_AI/Desktop/torneo-twenty-one/src/main/scala/Main.scala]
2026.09.17 10:51:40 INFO  scala.reflect.internal.FatalError: 
  ThisType(value <local Main>) for sym which is not a class
     while compiling: file:///C:/Users/AlumnoM_AI/Desktop/torneo-twenty-one/src/main/scala/Main.scala
        during phase: globalPhase=<no phase>, enteringPhase=parser
     library version: version 2.12.21
    compiler version: version 2.12.21
  reconstructed args: -classpath C:\Users\AlumnoM_AI\Desktop\torneo-twenty-one\.bloop\torneo-twenty-one\bloop-bsp-clients-classes\classes-Metals-K5p93eXBTlydqd5s6zHB1w==;C:\Users\AlumnoM_AI\AppData\Local\bloop\cache\semanticdb\com.sourcegraph.semanticdb-javac.0.12.3\semanticdb-javac-0.12.3.jar;C:\Users\AlumnoM_AI\.sbt\boot\scala-2.12.21\lib\scala-library.jar -Xplugin-require:semanticdb -Yrangepos -Ymacro-expand:discard -Ycache-plugin-class-loader:last-modified -Ypresentation-any-thread

  last tree to typer: Ident(_CURSOR_)
       tree position: line 78 of file:///C:/Users/AlumnoM_AI/Desktop/torneo-twenty-one/src/main/scala/Main.scala
            tree tpe: <error>
              symbol: value <error: <none>>
   symbol definition: val <error: <none>>: <error> (a TermSymbol)
      symbol package: <empty>
       symbol owners: value <error: <none>> -> value <local Main> -> object Main
           call site: <none> in <none>

== Source file context for tree position ==

    75 
    76     if (mejorPuntuacionRonda1 > mejorPuntuacionRonda2) {
    77         println("La primera ronda tuvo la mejor puntuación.")
    78     _CURSOR_} else if (mejorPuntuacionRonda2 > mejorPuntuacionRonda1) {
    79         println("La segunda ronda tuvo la mejor puntuación.")
    80     } else {
    81         println("Ambas rondas tuvieron la misma mejor puntuación.") (full report at: "C:\Users\AlumnoM_AI\Desktop\torneo-twenty-one\.metals\.reports\metals-full\2026-09-17\r_compiler-error_(torneo-twenty-one)_10-51-40-673.md")
sept 17, 2026 10:51:41 A. M. scala.meta.internal.pc.CompilerAccess retryWithCleanCompiler
INFO: compiler crashed due to an error in the Scala compiler, retrying with new compiler instance.
2026.09.17 10:51:40 INFO  Created report: Optional[file:///C:/Users/AlumnoM_AI/Desktop/torneo-twenty-one/src/main/scala/Main.scala]
2026.09.17 10:51:40 INFO  scala.reflect.internal.FatalError: 
  ThisType(value <local Main>) for sym which is not a class
     while compiling: file:///C:/Users/AlumnoM_AI/Desktop/torneo-twenty-one/src/main/scala/Main.scala
        during phase: globalPhase=<no phase>, enteringPhase=parser
     library version: version 2.12.21
    compiler version: version 2.12.21
  reconstructed args: -classpath C:\Users\AlumnoM_AI\Desktop\torneo-twenty-one\.bloop\torneo-twenty-one\bloop-bsp-clients-classes\classes-Metals-K5p93eXBTlydqd5s6zHB1w==;C:\Users\AlumnoM_AI\AppData\Local\bloop\cache\semanticdb\com.sourcegraph.semanticdb-javac.0.12.3\semanticdb-javac-0.12.3.jar;C:\Users\AlumnoM_AI\.sbt\boot\scala-2.12.21\lib\scala-library.jar -Xplugin-require:semanticdb -Yrangepos -Ymacro-expand:discard -Ycache-plugin-class-loader:last-modified -Ypresentation-any-thread

  last tree to typer: Ident(_CURSOR_)
       tree position: line 78 of file:///C:/Users/AlumnoM_AI/Desktop/torneo-twenty-one/src/main/scala/Main.scala
            tree tpe: <error>
              symbol: value <error: <none>>
   symbol definition: val <error: <none>>: <error> (a TermSymbol)
      symbol package: <empty>
       symbol owners: value <error: <none>> -> value <local Main> -> object Main
           call site: <none> in <none>

== Source file context for tree position ==

    75 
    76     if (mejorPuntuacionRonda1 > mejorPuntuacionRonda2) {
    77         println("La primera ronda tuvo la mejor puntuación.")
    78     _CURSOR_} else if (mejorPuntuacionRonda2 > mejorPuntuacionRonda1) {
    79         println("La segunda ronda tuvo la mejor puntuación.")
    80     } else {
    81         println("Ambas rondas tuvieron la misma mejor puntuación.") (full report at: "C:\Users\AlumnoM_AI\Desktop\torneo-twenty-one\.metals\.reports\metals-full\2026-09-17\r_compiler-error_(torneo-twenty-one)_10-51-41-106.md")
sept 17, 2026 10:51:41 A. M. scala.meta.internal.pc.CompilerAccess retryWithCleanCompiler
INFO: compiler crashed due to an error in the Scala compiler, retrying with new compiler instance.
2026.09.17 10:51:40 INFO  Created report: Optional[file:///C:/Users/AlumnoM_AI/Desktop/torneo-twenty-one/src/main/scala/Main.scala]
2026.09.17 10:51:40 INFO  scala.reflect.internal.FatalError: 
  ThisType(value <local Main>) for sym which is not a class
     while compiling: file:///C:/Users/AlumnoM_AI/Desktop/torneo-twenty-one/src/main/scala/Main.scala
        during phase: globalPhase=<no phase>, enteringPhase=parser
     library version: version 2.12.21
    compiler version: version 2.12.21
  reconstructed args: -classpath C:\Users\AlumnoM_AI\Desktop\torneo-twenty-one\.bloop\torneo-twenty-one\bloop-bsp-clients-classes\classes-Metals-K5p93eXBTlydqd5s6zHB1w==;C:\Users\AlumnoM_AI\AppData\Local\bloop\cache\semanticdb\com.sourcegraph.semanticdb-javac.0.12.3\semanticdb-javac-0.12.3.jar;C:\Users\AlumnoM_AI\.sbt\boot\scala-2.12.21\lib\scala-library.jar -Xplugin-require:semanticdb -Yrangepos -Ymacro-expand:discard -Ycache-plugin-class-loader:last-modified -Ypresentation-any-thread

  last tree to typer: Ident(_CURSOR_)
       tree position: line 78 of file:///C:/Users/AlumnoM_AI/Desktop/torneo-twenty-one/src/main/scala/Main.scala
            tree tpe: <error>
              symbol: value <error: <none>>
   symbol definition: val <error: <none>>: <error> (a TermSymbol)
      symbol package: <empty>
       symbol owners: value <error: <none>> -> value <local Main> -> object Main
           call site: <none> in <none>

== Source file context for tree position ==

    75 
    76     if (mejorPuntuacionRonda1 > mejorPuntuacionRonda2) {
    77         println("La primera ronda tuvo la mejor puntuación.")
    78     _CURSOR_} else if (mejorPuntuacionRonda2 > mejorPuntuacionRonda1) {
    79         println("La segunda ronda tuvo la mejor puntuación.")
    80     } else {
    81         println("Ambas rondas tuvieron la misma mejor puntuación.") (full report at: "C:\Users\AlumnoM_AI\Desktop\torneo-twenty-one\.metals\.reports\metals-full\2026-09-17\r_compiler-error_(torneo-twenty-one)_10-51-41-305.md")
sept 17, 2026 10:51:41 A. M. scala.meta.internal.pc.CompilerAccess retryWithCleanCompiler
INFO: compiler crashed due to an error in the Scala compiler, retrying with new compiler instance.
2026.09.17 10:51:41 INFO  Created report: Optional[file:///C:/Users/AlumnoM_AI/Desktop/torneo-twenty-one/src/main/scala/Main.scala]
2026.09.17 10:51:41 INFO  scala.reflect.internal.FatalError: 
  ThisType(value <local Main>) for sym which is not a class
     while compiling: file:///C:/Users/AlumnoM_AI/Desktop/torneo-twenty-one/src/main/scala/Main.scala
        during phase: globalPhase=<no phase>, enteringPhase=parser
     library version: version 2.12.21
    compiler version: version 2.12.21
  reconstructed args: -classpath C:\Users\AlumnoM_AI\Desktop\torneo-twenty-one\.bloop\torneo-twenty-one\bloop-bsp-clients-classes\classes-Metals-K5p93eXBTlydqd5s6zHB1w==;C:\Users\AlumnoM_AI\AppData\Local\bloop\cache\semanticdb\com.sourcegraph.semanticdb-javac.0.12.3\semanticdb-javac-0.12.3.jar;C:\Users\AlumnoM_AI\.sbt\boot\scala-2.12.21\lib\scala-library.jar -Xplugin-require:semanticdb -Yrangepos -Ymacro-expand:discard -Ycache-plugin-class-loader:last-modified -Ypresentation-any-thread

  last tree to typer: Ident(_CURSOR_)
       tree position: line 78 of file:///C:/Users/AlumnoM_AI/Desktop/torneo-twenty-one/src/main/scala/Main.scala
            tree tpe: <error>
              symbol: value <error: <none>>
   symbol definition: val <error: <none>>: <error> (a TermSymbol)
      symbol package: <empty>
       symbol owners: value <error: <none>> -> value <local Main> -> object Main
           call site: <none> in <none>

== Source file context for tree position ==

    75 
    76     if (mejorPuntuacionRonda1 > mejorPuntuacionRonda2) {
    77         println("La primera ronda tuvo la mejor puntuación.")
    78     _CURSOR_} else if (mejorPuntuacionRonda2 > mejorPuntuacionRonda1) {
    79         println("La segunda ronda tuvo la mejor puntuación.")
    80     } else {
    81         println("Ambas rondas tuvieron la misma mejor puntuación.") (full report at: "C:\Users\AlumnoM_AI\Desktop\torneo-twenty-one\.metals\.reports\metals-full\2026-09-17\r_compiler-error_(torneo-twenty-one)_10-51-41-608.md")
sept 17, 2026 10:51:42 A. M. scala.meta.internal.pc.CompilerAccess retryWithCleanCompiler
INFO: compiler crashed due to an error in the Scala compiler, retrying with new compiler instance.
2026.09.17 10:51:41 INFO  Created report: Optional[file:///C:/Users/AlumnoM_AI/Desktop/torneo-twenty-one/src/main/scala/Main.scala]
2026.09.17 10:51:41 INFO  scala.reflect.internal.FatalError: 
  ThisType(value <local Main>) for sym which is not a class
     while compiling: file:///C:/Users/AlumnoM_AI/Desktop/torneo-twenty-one/src/main/scala/Main.scala
        during phase: globalPhase=<no phase>, enteringPhase=parser
     library version: version 2.12.21
    compiler version: version 2.12.21
  reconstructed args: -classpath C:\Users\AlumnoM_AI\Desktop\torneo-twenty-one\.bloop\torneo-twenty-one\bloop-bsp-clients-classes\classes-Metals-K5p93eXBTlydqd5s6zHB1w==;C:\Users\AlumnoM_AI\AppData\Local\bloop\cache\semanticdb\com.sourcegraph.semanticdb-javac.0.12.3\semanticdb-javac-0.12.3.jar;C:\Users\AlumnoM_AI\.sbt\boot\scala-2.12.21\lib\scala-library.jar -Xplugin-require:semanticdb -Yrangepos -Ymacro-expand:discard -Ycache-plugin-class-loader:last-modified -Ypresentation-any-thread

  last tree to typer: Ident(_CURSOR_)
       tree position: line 78 of file:///C:/Users/AlumnoM_AI/Desktop/torneo-twenty-one/src/main/scala/Main.scala
            tree tpe: <error>
              symbol: value <error: <none>>
   symbol definition: val <error: <none>>: <error> (a TermSymbol)
      symbol package: <empty>
       symbol owners: value <error: <none>> -> value <local Main> -> object Main
           call site: <none> in <none>

== Source file context for tree position ==

    75 
    76     if (mejorPuntuacionRonda1 > mejorPuntuacionRonda2) {
    77         println("La primera ronda tuvo la mejor puntuación.")
    78     _CURSOR_} else if (mejorPuntuacionRonda2 > mejorPuntuacionRonda1) {
    79         println("La segunda ronda tuvo la mejor puntuación.")
    80     } else {
    81         println("Ambas rondas tuvieron la misma mejor puntuación.") (full report at: "C:\Users\AlumnoM_AI\Desktop\torneo-twenty-one\.metals\.reports\metals-full\2026-09-17\r_compiler-error_(torneo-twenty-one)_10-51-42-505.md")
sept 17, 2026 10:51:48 A. M. scala.meta.internal.pc.CompilerAccess retryWithCleanCompiler
INFO: compiler crashed due to an error in the Scala compiler, retrying with new compiler instance.
2026.09.17 10:51:48 INFO  Created report: Optional[file:///C:/Users/AlumnoM_AI/Desktop/torneo-twenty-one/src/main/scala/Main.scala]
2026.09.17 10:51:48 INFO  scala.reflect.internal.FatalError: 
  ThisType(value <local Main>) for sym which is not a class
     while compiling: file:///C:/Users/AlumnoM_AI/Desktop/torneo-twenty-one/src/main/scala/Main.scala
        during phase: globalPhase=<no phase>, enteringPhase=parser
     library version: version 2.12.21
    compiler version: version 2.12.21
  reconstructed args: -classpath C:\Users\AlumnoM_AI\Desktop\torneo-twenty-one\.bloop\torneo-twenty-one\bloop-bsp-clients-classes\classes-Metals-K5p93eXBTlydqd5s6zHB1w==;C:\Users\AlumnoM_AI\AppData\Local\bloop\cache\semanticdb\com.sourcegraph.semanticdb-javac.0.12.3\semanticdb-javac-0.12.3.jar;C:\Users\AlumnoM_AI\.sbt\boot\scala-2.12.21\lib\scala-library.jar -Xplugin-require:semanticdb -Yrangepos -Ymacro-expand:discard -Ycache-plugin-class-loader:last-modified -Ypresentation-any-thread

  last tree to typer: Ident(_CURSOR_)
       tree position: line 78 of file:///C:/Users/AlumnoM_AI/Desktop/torneo-twenty-one/src/main/scala/Main.scala
            tree tpe: <error>
              symbol: value <error: <none>>
   symbol definition: val <error: <none>>: <error> (a TermSymbol)
      symbol package: <empty>
       symbol owners: value <error: <none>> -> value <local Main> -> object Main
           call site: <none> in <none>

== Source file context for tree position ==

    75 
    76     if (mejorPuntuacionRonda1 > mejorPuntuacionRonda2) {
    77         println("La primera ronda tuvo la mejor puntuación.")
    78     _CURSOR_} else if (mejorPuntuacionRonda2 > mejorPuntuacionRonda1) {
    79         println("La segunda ronda tuvo la mejor puntuación.")
    80     } else {
    81         println("Ambas rondas tuvieron la misma mejor puntuación.") (full report at: "C:\Users\AlumnoM_AI\Desktop\torneo-twenty-one\.metals\.reports\metals-full\2026-09-17\r_compiler-error_(torneo-twenty-one)_10-51-48-644.md")
2026.09.17 10:51:52 INFO  compiling torneo-twenty-one (1 scala source)
2026.09.17 10:51:53 INFO  time: compiled torneo-twenty-one in 1.19s
sept 17, 2026 10:52:09 A. M. org.eclipse.lsp4j.jsonrpc.services.GenericEndpoint notify
INFO: Unsupported notification method: $/setTrace
sept 17, 2026 10:52:10 A. M. org.eclipse.lsp4j.jsonrpc.services.GenericEndpoint notify
INFO: Unsupported notification method: $/setTrace
2026.09.17 11:30:13 INFO  Shutting down server
2026.09.17 11:30:13 INFO  Memory monitor stopped
2026.09.17 11:30:13 INFO  shutting down Metals
2026.09.17 11:30:13 INFO  Shut down connection with build server.
2026.09.17 11:30:13 INFO  Shut down connection with build server.
2026.09.17 11:30:13 INFO  Exiting server
2026.09.17 13:30:07 INFO  Started: Metals version 1.6.9 in folders 'C:\Users\AlumnoM_AI\Desktop\torneo-twenty-one' for client Visual Studio Code 1.135.0.
2026.09.17 13:30:07 INFO  Memory monitor started
2026.09.17 13:30:07 WARN  Using H2 2.5.250 which is newer than the version Flyway has been verified with. The latest verified version of H2 is 2.3.232.
2026.09.17 13:30:08 INFO  no build target found for C:\Users\AlumnoM_AI\Desktop\torneo-twenty-one\src\main\scala\Main.scala. Using presentation compiler with project's scala-library version: 3.3.8
2026.09.17 13:30:09 INFO  no build target found for C:\Users\AlumnoM_AI\Desktop\torneo-twenty-one\src\main\scala\Main.scala. Using presentation compiler with project's scala-library version: 3.3.8
2026.09.17 13:30:09 INFO  Attempting to connect to the build server...
2026.09.17 13:30:09 INFO  Found a Bloop server running
2026.09.17 13:30:10 INFO  Tracing is disabled for protocol BSP. To enable tracing of incoming and outgoing JSON messages, create an empty file at C:\Users\AlumnoM_AI\Desktop\torneo-twenty-one\.metals\bsp.trace.json or C:\Users\AlumnoM_AI\AppData\Local\scalameta\metals\cache\bsp.trace.json
2026.09.17 13:30:10 INFO  Attempting to connect to the build server...
2026.09.17 13:30:10 INFO  Found a Bloop server running
2026.09.17 13:30:10 INFO  Tracing is disabled for protocol BSP. To enable tracing of incoming and outgoing JSON messages, create an empty file at C:\Users\AlumnoM_AI\Desktop\torneo-twenty-one\project\.metals\bsp.trace.json or C:\Users\AlumnoM_AI\AppData\Local\scalameta\metals\cache\bsp.trace.json
2026.09.17 13:30:10 INFO  time: Connected to build server in 0.42s
2026.09.17 13:30:10 INFO  Connected to Build server: Bloop v2.1.2
2026.09.17 13:30:10 INFO  time: Imported build in 0.17s
2026.09.17 13:30:17 WARN  Using H2 2.5.250 which is newer than the version Flyway has been verified with. The latest verified version of H2 is 2.3.232.
2026.09.17 13:30:19 INFO  time: indexed workspace in 8.65s
2026.09.17 13:32:40 INFO  Shutting down server
2026.09.17 13:32:40 INFO  Memory monitor stopped
2026.09.17 13:32:40 INFO  shutting down Metals
2026.09.17 13:32:41 INFO  Shut down connection with build server.
2026.09.17 13:32:41 INFO  Shut down connection with build server.
2026.09.17 13:32:40 INFO  Exiting server
2026.09.17 13:40:54 INFO  Started: Metals version 1.6.9 in folders 'C:\Users\AlumnoM_AI\Desktop\torneo-twenty-one' for client Visual Studio Code 1.135.0.
2026.09.17 13:40:54 INFO  Memory monitor started
2026.09.17 13:40:54 WARN  Using H2 2.5.250 which is newer than the version Flyway has been verified with. The latest verified version of H2 is 2.3.232.
2026.09.17 13:40:55 INFO  no build target found for C:\Users\AlumnoM_AI\Desktop\torneo-twenty-one\src\main\scala\Main.scala. Using presentation compiler with project's scala-library version: 3.3.8
2026.09.17 13:40:56 INFO  no build target found for C:\Users\AlumnoM_AI\Desktop\torneo-twenty-one\src\main\scala\Main.scala. Using presentation compiler with project's scala-library version: 3.3.8
2026.09.17 13:40:56 INFO  Attempting to connect to the build server...
2026.09.17 13:40:56 INFO  Found a Bloop server running
2026.09.17 13:40:56 INFO  Tracing is disabled for protocol BSP. To enable tracing of incoming and outgoing JSON messages, create an empty file at C:\Users\AlumnoM_AI\Desktop\torneo-twenty-one\.metals\bsp.trace.json or C:\Users\AlumnoM_AI\AppData\Local\scalameta\metals\cache\bsp.trace.json
2026.09.17 13:40:56 INFO  Attempting to connect to the build server...
2026.09.17 13:40:56 INFO  Found a Bloop server running
2026.09.17 13:40:56 INFO  Tracing is disabled for protocol BSP. To enable tracing of incoming and outgoing JSON messages, create an empty file at C:\Users\AlumnoM_AI\Desktop\torneo-twenty-one\project\.metals\bsp.trace.json or C:\Users\AlumnoM_AI\AppData\Local\scalameta\metals\cache\bsp.trace.json
2026.09.17 13:40:56 INFO  time: Connected to build server in 0.42s
2026.09.17 13:40:56 INFO  Connected to Build server: Bloop v2.1.2
2026.09.17 13:41:02 WARN  Using H2 2.5.250 which is newer than the version Flyway has been verified with. The latest verified version of H2 is 2.3.232.
2026.09.17 13:41:04 INFO  time: indexed workspace in 7.82s
sept 17, 2026 1:41:23 P. M. org.eclipse.lsp4j.jsonrpc.RemoteEndpoint handleCancellation
WARNING: Unmatched cancel notification for request id 13
2026.09.17 13:41:23 INFO  skipping build import with status 'Installed'
2026.09.17 13:41:28 INFO  Shutting down server
2026.09.17 13:41:28 INFO  Memory monitor stopped
2026.09.17 13:41:28 INFO  shutting down Metals
2026.09.17 13:41:28 INFO  Shut down connection with build server.
2026.09.17 13:41:28 INFO  Shut down connection with build server.
2026.09.17 13:41:28 INFO  Exiting server
2026.09.17 13:43:39 INFO  Started: Metals version 1.6.9 in folders 'C:\Users\AlumnoM_AI\Desktop\torneo-twenty-one' for client Visual Studio Code 1.135.0.
2026.09.17 13:43:39 INFO  Memory monitor started
2026.09.17 13:43:39 WARN  Using H2 2.5.250 which is newer than the version Flyway has been verified with. The latest verified version of H2 is 2.3.232.
2026.09.17 13:43:39 INFO  no build target found for C:\Users\AlumnoM_AI\Desktop\torneo-twenty-one\src\main\scala\Main.scala. Using presentation compiler with project's scala-library version: 3.3.8
2026.09.17 13:43:40 INFO  no build target found for C:\Users\AlumnoM_AI\Desktop\torneo-twenty-one\src\main\scala\Main.scala. Using presentation compiler with project's scala-library version: 3.3.8
2026.09.17 13:43:40 INFO  Attempting to connect to the build server...
2026.09.17 13:43:40 INFO  Found a Bloop server running
2026.09.17 13:43:41 INFO  Tracing is disabled for protocol BSP. To enable tracing of incoming and outgoing JSON messages, create an empty file at C:\Users\AlumnoM_AI\Desktop\torneo-twenty-one\.metals\bsp.trace.json or C:\Users\AlumnoM_AI\AppData\Local\scalameta\metals\cache\bsp.trace.json
2026.09.17 13:43:41 INFO  Attempting to connect to the build server...
2026.09.17 13:43:41 INFO  Found a Bloop server running
2026.09.17 13:43:41 INFO  Tracing is disabled for protocol BSP. To enable tracing of incoming and outgoing JSON messages, create an empty file at C:\Users\AlumnoM_AI\Desktop\torneo-twenty-one\project\.metals\bsp.trace.json or C:\Users\AlumnoM_AI\AppData\Local\scalameta\metals\cache\bsp.trace.json
2026.09.17 13:43:41 INFO  time: Connected to build server in 0.4s
2026.09.17 13:43:41 INFO  Connected to Build server: Bloop v2.1.2
2026.09.17 13:43:47 WARN  Using H2 2.5.250 which is newer than the version Flyway has been verified with. The latest verified version of H2 is 2.3.232.
2026.09.17 13:43:50 INFO  time: indexed workspace in 8.48s
